vehicle_id,global_time,local_x,local_y,v_vel,v_acc,v_length,v_width,lane_id,preceding,space_headway,time_headway,location
2896,1118847810800,18.088,110.025,28.24,-11.2,12,5.5,2,2886,54.69,1.94,us-101
2896,1118847810900,18.074,112.778,26.91,-11.2,12,5.5,2,2886,53.58,1.99,us-101
2896,1118847811000,18.018,115.409,25.61,-11.2,12,5.5,2,2886,52.59,2.05,us-101
2896,1118847811100,17.892,117.887,24.67,-6.99,12,5.5,2,2886,51.77,2.1,us-101
2896,1118847811200,17.722,120.286,24.19,-2.08,12,5.5,2,2886,51.09,2.11,us-101
2896,1118847811300,17.57,122.676,24.07,0.29,12,5.5,2,2886,50.43,2.1,us-101
2896,1118847811400,17.417,125.084,24.09,0.28,12,5.5,2,2886,49.74,2.06,us-101
2896,1118847811500,17.264,127.496,24.12,0.17,12,5.5,2,2886,49.08,2.03,us-101
2896,1118847811600,17.112,129.91,24.13,0.03,12,5.5,2,2886,48.5,2.01,us-101
2896,1118847811700,16.959,132.331,24.05,-1.24,12,5.5,2,2886,48.01,2,us-101
2896,1118847811800,16.803,134.741,23.84,-2.96,12,5.5,2,2886,47.6,2,us-101
2896,1118847811900,16.654,137.111,23.58,-3,12,5.5,2,2886,47.25,2,us-101
2896,1118847812000,16.512,139.435,23.47,0.18,12,5.5,2,2886,46.94,2,us-101
2896,1118847812100,16.44,141.753,23.69,4.53,12,5.5,2,2886,46.62,1.97,us-101
2896,1118847812200,16.436,144.133,24.19,6.15,12,5.5,2,2886,46.26,1.91,us-101
2896,1118847812300,16.471,146.592,24.67,4.23,12,5.5,2,2886,45.81,1.86,us-101
2896,1118847812400,16.508,149.101,24.96,1.25,12,5.5,2,2886,45.25,1.81,us-101
2896,1118847812500,16.539,151.616,25.03,-0.26,12,5.5,2,2886,44.54,1.78,us-101
2896,1118847812600,16.569,154.116,25.03,0.03,12,5.5,2,2886,43.73,1.75,us-101
2896,1118847812700,16.6,156.618,25.03,0.19,12,5.5,2,2886,42.78,1.71,us-101
2896,1118847812800,16.63,159.136,24.92,-1.87,12,5.5,2,2886,41.75,1.68,us-101
2896,1118847812900,16.661,161.659,24.36,-8.25,12,5.5,2,2886,40.71,1.67,us-101
2896,1118847813000,16.728,164.055,23.23,-11.2,12,5.5,2,2886,39.83,1.71,us-101
2896,1118847813100,16.772,166.309,21.86,-11.2,12,5.5,2,2886,39.08,1.79,us-101
2896,1118847813200,16.799,168.429,20.7,-9.04,12,5.5,2,2886,38.4,1.86,us-101
2896,1118847813300,16.814,170.405,20.09,-2.09,12,5.5,2,2886,37.79,1.88,us-101
2896,1118847813400,16.865,172.384,19.98,0.37,12,5.5,2,2886,37.16,1.86,us-101
2896,1118847813500,16.918,174.397,19.88,-1.69,12,5.5,2,2886,36.53,1.84,us-101
2896,1118847813600,16.971,176.403,19.47,-5.94,12,5.5,2,2886,35.92,1.84,us-101
2896,1118847813700,17.061,178.355,18.65,-10.87,12,5.5,2,2886,35.28,1.89,us-101
2896,1118847813800,17.124,180.161,17.5,-11.2,12,5.5,2,2886,34.7,1.98,us-101
2896,1118847813900,17.152,181.854,16.34,-10.88,12,5.5,2,2886,34.23,2.09,us-101
2896,1118847814000,17.156,183.403,15.5,-6.21,12,5.5,2,2886,34.01,2.19,us-101
2896,1118847814100,17.195,184.892,15.07,-1.88,12,5.5,2,2886,33.91,2.25,us-101
2896,1118847814200,17.234,186.374,14.96,0.19,12,5.5,2,2886,33.76,2.26,us-101
2896,1118847814300,17.273,187.87,14.98,0.26,12,5.5,2,2886,33.5,2.24,us-101
2896,1118847814400,17.312,189.371,14.99,0,12,5.5,2,2886,33.22,2.22,us-101
2896,1118847814500,17.352,190.869,15.01,0.26,12,5.5,2,2886,32.99,2.2,us-101
2896,1118847814600,17.392,192.372,15.03,0.2,12,5.5,2,2886,32.77,2.18,us-101
2896,1118847814700,17.431,193.889,14.92,-1.88,12,5.5,2,2886,32.46,2.18,us-101
2896,1118847814800,17.471,195.399,14.49,-6.21,12,5.5,2,2886,32.07,2.21,us-101
2896,1118847814900,17.547,196.849,13.65,-10.88,12,5.5,2,2886,31.72,2.32,us-101
2896,1118847815000,17.598,198.155,12.49,-11.2,12,5.5,2,2886,31.54,2.53,us-101
2896,1118847815100,17.613,199.347,11.34,-10.85,12,5.5,2,2886,31.53,2.78,us-101
2896,1118847815200,17.603,200.397,10.5,-6.18,12,5.5,2,2886,31.59,3.01,us-101
2896,1118847815300,17.628,201.386,10.08,-1.88,12,5.5,2,2886,31.57,3.13,us-101
2896,1118847815400,17.654,202.369,9.96,0.17,12,5.5,2,2886,31.47,3.16,us-101
2896,1118847815500,17.681,203.365,9.98,0.24,12,5.5,2,2886,31.4,3.15,us-101
2896,1118847815600,17.707,204.366,10,0,12,5.5,2,2886,31.49,3.15,us-101
2896,1118847815700,17.734,205.366,9.98,-0.17,12,5.5,2,2886,31.73,3.18,us-101
2896,1118847815800,17.76,206.343,10.16,2.83,12,5.5,2,2886,32.17,3.17,us-101
2896,1118847815900,17.786,207.327,10.87,10.24,12,5.5,2,2886,32.79,3.02,us-101
2896,1118847816000,17.738,208.494,12.26,11.2,12,5.5,2,2886,33.43,2.73,us-101
2896,1118847816100,17.702,209.81,14.01,11.2,12,5.5,2,2886,34.1,2.43,us-101
2896,1118847816200,17.638,211.284,15.26,7.99,12,5.5,2,2886,34.82,2.28,us-101
2896,1118847816300,17.684,212.956,15.26,-8.01,12,5.5,2,2886,35.43,2.32,us-101
2896,1118847816400,17.621,214.428,13.99,-11.2,12,5.5,2,2886,36.19,2.59,us-101
2896,1118847816500,17.584,215.742,12.23,-11.2,12,5.5,2,2886,37,3.03,us-101
2896,1118847816600,17.536,216.892,10.94,-8.36,12,5.5,2,2886,37.89,3.46,us-101
2896,1118847816700,17.562,217.866,10.65,3.28,12,5.5,2,2886,38.91,3.65,us-101
2896,1118847816800,17.552,218.889,11.32,11.18,12,5.5,2,2886,39.87,3.52,us-101
2896,1118847816900,17.572,220.092,12.59,11.2,12,5.5,2,2886,40.66,3.23,us-101
2896,1118847817000,17.614,221.426,14.06,11.2,12,5.5,2,2886,41.33,2.94,us-101
2896,1118847817100,17.668,222.901,15.51,11.2,12,5.5,2,2886,41.84,2.7,us-101
2896,1118847817200,17.682,224.512,16.81,11.2,12,5.5,2,2886,42.22,2.51,us-101
2896,1118847817300,17.652,226.264,17.87,9.11,12,5.5,2,2886,42.46,2.38,us-101
2896,1118847817400,17.59,228.13,18.5,4.14,12,5.5,2,2886,42.62,2.3,us-101
2896,1118847817500,17.447,230.059,18.42,-4.84,12,5.5,2,2886,42.78,2.32,us-101
2896,1118847817600,17.316,231.904,17.8,-9.17,12,5.5,2,2886,43.09,2.42,us-101
2896,1118847817700,17.178,233.603,17.37,-2.6,12,5.5,2,2886,43.62,2.51,us-101
2896,1118847817800,17.121,235.267,17.53,6.97,12,5.5,2,2886,44.21,2.52,us-101
2896,1118847817900,17.065,237.026,18.2,9.65,12,5.5,2,2886,44.71,2.46,us-101
2896,1118847818000,17.007,238.935,18.84,3.06,12,5.5,2,2886,45.06,2.39,us-101
2896,1118847818100,16.948,240.88,18.9,-3,12,5.5,2,2886,45.38,2.4,us-101
2896,1118847818200,16.893,242.756,18.62,-3.11,12,5.5,2,2886,45.75,2.46,us-101
2896,1118847818300,16.841,244.584,18.49,-0.06,12,5.5,2,2886,46.15,2.5,us-101
2896,1118847818400,16.859,246.405,18.7,4.24,12,5.5,2,2886,46.51,2.49,us-101
2896,1118847818500,16.948,248.282,19.16,5.94,12,5.5,2,2886,46.79,2.44,us-101
2896,1118847818600,17.083,250.238,19.64,4.14,12,5.5,2,2886,47.01,2.39,us-101
2896,1118847818700,17.221,252.242,19.92,1.24,12,5.5,2,2886,47.24,2.37,us-101
2896,1118847818800,17.352,254.252,19.99,-0.24,12,5.5,2,2886,47.5,2.38,us-101
2896,1118847818900,17.482,256.25,19.97,-0.21,12,5.5,2,2886,47.74,2.39,us-101
2896,1118847819000,17.613,258.245,19.95,-0.1,12,5.5,2,2886,47.92,2.4,us-101
2896,1118847819100,17.743,260.239,19.95,-0.04,12,5.5,2,2886,48.01,2.41,us-101
2896,1118847819200,17.874,262.227,20,0.94,12,5.5,2,2886,48.04,2.4,us-101
2896,1118847819300,18.013,264.22,20.2,2.84,12,5.5,2,2886,48.04,2.38,us-101
2896,1118847819400,18.123,266.241,20.58,4.8,12,5.5,2,2886,48,2.33,us-101
2896,1118847819500,18.196,268.316,21.08,5.66,12,5.5,2,2886,47.93,2.27,us-101
2896,1118847819600,18.246,270.458,21.6,4.81,12,5.5,2,2886,47.81,2.21,us-101
2896,1118847819700,18.258,272.654,21.97,2.86,12,5.5,2,2886,47.61,2.17,us-101
2896,1118847819800,18.242,274.877,22.18,1.12,12,5.5,2,2886,47.34,2.13,us-101
2896,1118847819900,18.234,277.109,22.25,0.11,12,5.5,2,2886,46.97,2.11,us-101
2896,1118847820000,18.226,279.342,22.19,-1.03,12,5.5,2,2886,46.57,2.1,us-101
2896,1118847820100,18.242,281.567,22,-2.74,12,5.5,2,2886,46.21,2.1,us-101
2896,1118847820200,18.211,283.759,21.71,-3.5,12,5.5,2,2886,45.97,2.12,us-101
2896,1118847820300,18.08,285.901,21.48,-1.67,12,5.5,2,2886,45.83,2.13,us-101
2896,1118847820400,17.911,288.019,21.48,1.69,12,5.5,2,2886,45.73,2.13,us-101
2896,1118847820500,17.781,290.161,21.72,3.61,12,5.5,2,2886,45.6,2.1,us-101
2896,1118847820600,17.75,292.354,22.02,2.91,12,5.5,2,2886,45.41,2.06,us-101
2896,1118847820700,17.766,294.588,22.18,0.33,12,5.5,2,2886,45.14,2.04,us-101
2896,1118847820800,17.758,296.828,22.06,-2.74,12,5.5,2,2886,44.77,2.03,us-101
2896,1118847820900,17.75,299.037,21.67,-5.22,12,5.5,2,2886,44.34,2.05,us-101
2896,1118847821000,17.754,301.185,21.11,-6.28,12,5.5,2,2886,43.94,2.08,us-101
2896,1118847821100,17.738,303.258,20.56,-5.1,12,5.5,2,2886,43.68,2.12,us-101
2896,1118847821200,17.733,305.273,20.18,-2.62,12,5.5,2,2886,43.46,2.15,us-101
2896,1118847821300,17.728,307.263,20.01,-0.58,12,5.5,2,2886,43.18,2.16,us-101
2896,1118847821400,17.723,309.254,19.98,0.22,12,5.5,2,2886,42.86,2.15,us-101
2896,1118847821500,17.718,311.254,19.99,0.12,12,5.5,2,2886,42.63,2.13,us-101
2896,1118847821600,17.714,313.254,20,0,12,5.5,2,2886,42.56,2.13,us-101
2896,1118847821700,17.71,315.254,20,0,12,5.5,2,2886,42.59,2.13,us-101
2896,1118847821800,17.705,317.254,20,0,12,5.5,2,2886,42.55,2.13,us-101
2896,1118847821900,17.701,319.252,20.01,0.27,12,5.5,2,2886,42.44,2.12,us-101
2896,1118847822000,17.695,321.256,20.03,0.14,12,5.5,2,2886,42.27,2.11,us-101
2896,1118847822100,17.691,323.274,19.91,-1.96,12,5.5,2,2886,42.07,2.11,us-101
2896,1118847822200,17.686,325.282,19.48,-6.23,12,5.5,2,2886,41.87,2.15,us-101
2896,1118847822300,17.721,327.232,18.63,-11.06,12,5.5,2,2886,41.76,2.24,us-101
2896,1118847822400,17.738,329.034,17.47,-11.2,12,5.5,2,2886,41.84,2.39,us-101
2896,1118847822500,17.713,330.713,16.43,-9.12,12,5.5,2,2886,42.11,2.56,us-101
2896,1118847822600,17.67,332.264,15.89,-1.96,12,5.5,2,2886,42.56,2.68,us-101
2896,1118847822700,17.651,333.805,15.92,3.56,12,5.5,2,2886,43.03,2.7,us-101
2896,1118847822800,17.662,335.404,16.27,4.45,12,5.5,2,2886,43.43,2.67,us-101
2896,1118847822900,17.658,337.07,16.59,1.93,12,5.5,2,2886,43.77,2.64,us-101
2896,1118847823000,17.654,338.756,16.67,-0.52,12,5.5,2,2886,44.08,2.64,us-101
2896,1118847823100,17.644,340.423,16.61,-0.98,12,5.5,2,2886,44.41,2.67,us-101
2896,1118847823200,17.649,342.068,16.63,0.87,12,5.5,2,2886,44.77,2.69,us-101
2896,1118847823300,17.679,343.712,16.91,4.58,12,5.5,2,2886,45.12,2.67,us-101
2896,1118847823400,17.66,345.402,17.53,8.02,12,5.5,2,2886,45.43,2.59,us-101
2896,1118847823500,17.647,347.215,18.1,4.91,12,5.5,2,2886,45.62,2.52,us-101
2896,1118847823600,17.657,349.082,18.27,-0.94,12,5.5,2,2886,45.75,2.5,us-101
2896,1118847823700,17.599,350.91,18.31,-1.01,12,5.5,2,2886,45.94,2.51,us-101
2896,1118847823800,17.588,352.715,18.45,3.3,12,5.5,2,2886,46.13,2.5,us-101
2896,1118847823900,17.584,354.548,18.82,6.54,12,5.5,2,2886,46.25,2.46,us-101
2896,1118847824000,17.58,356.475,19.35,3.99,12,5.5,2,2886,46.21,2.39,us-101
2896,1118847824100,17.576,358.463,19.57,-0.23,12,5.5,2,2886,46.05,2.35,us-101
2896,1118847824200,17.573,360.441,19.33,-3.71,12,5.5,2,2886,45.91,2.37,us-101
2896,1118847824300,17.584,362.39,18.67,-9.2,12,5.5,2,2886,45.79,2.45,us-101
2896,1118847824400,17.616,364.214,17.56,-11.2,12,5.5,2,2886,45.76,2.61,us-101
2896,1118847824500,17.602,365.906,16.25,-11.2,12,5.5,2,2886,45.78,2.82,us-101
2896,1118847824600,17.533,367.454,15.24,-7.76,12,5.5,2,2886,45.85,3.01,us-101
2896,1118847824700,17.505,368.896,14.77,-1.28,12,5.5,2,2886,45.95,3.11,us-101
2896,1118847824800,17.532,370.342,14.75,2.05,12,5.5,2,2886,46,3.12,us-101
2896,1118847824900,17.571,371.828,14.91,1.55,12,5.5,2,2886,46,3.09,us-101
2896,1118847825000,17.604,373.338,15.01,0.05,12,5.5,2,2886,45.99,3.06,us-101
2896,1118847825100,17.635,374.842,15.01,-0.19,12,5.5,2,2886,45.99,3.06,us-101
2896,1118847825200,17.667,376.34,15,0,12,5.5,2,2886,45.99,3.07,us-101
2896,1118847825300,17.699,377.84,15,0,12,5.5,2,2886,45.99,3.07,us-101
2896,1118847825400,17.732,379.34,15,0,12,5.5,2,2886,45.99,3.07,us-101
2896,1118847825500,17.764,380.839,15,0,12,5.5,2,2886,45.99,3.07,us-101
2896,1118847825600,17.796,382.339,15,0,12,5.5,2,2886,45.99,3.07,us-101
2896,1118847825700,17.828,383.839,15,0,12,5.5,2,2886,45.99,3.07,us-101
2896,1118847825800,17.86,385.338,15,0.03,12,5.5,2,2886,45.99,3.07,us-101
2896,1118847825900,17.893,386.84,14.99,-0.16,12,5.5,2,2886,45.99,3.07,us-101
2896,1118847826000,17.925,388.339,14.96,-0.45,12,5.5,2,2886,46,3.08,us-101
2896,1118847826100,17.951,389.825,14.99,0.68,12,5.5,2,2886,46.01,3.07,us-101
2896,1118847826200,17.987,391.307,15.25,3.96,12,5.5,2,2886,45.96,3.01,us-101
2896,1118847826300,18.04,392.826,15.82,7.82,12,5.5,2,2886,45.82,2.9,us-101
2896,1118847826400,18.087,394.432,16.67,9.8,12,5.5,2,2886,45.58,2.73,us-101
2896,1118847826500,18.166,396.157,17.56,8.39,12,5.5,2,2886,45.3,2.58,us-101
2896,1118847826600,18.247,397.977,18.21,4.9,12,5.5,2,2886,45.04,2.47,us-101
2896,1118847826700,18.281,399.845,18.55,1.66,12,5.5,2,2886,44.8,2.42,us-101
2896,1118847826800,18.321,401.722,18.65,-0.07,12,5.5,2,2886,44.58,2.39,us-101
2896,1118847826900,18.361,403.588,18.64,-0.22,12,5.5,2,2886,44.36,2.38,us-101
2896,1118847827000,18.401,405.447,18.66,0.42,12,5.5,2,2886,44.13,2.37,us-101
2896,1118847827100,18.441,407.324,18.62,-0.82,12,5.5,2,2886,43.9,2.36,us-101
2896,1118847827200,18.481,409.212,18.24,-5.68,12,5.5,2,2886,43.67,2.39,us-101
2896,1118847827300,18.557,411.038,17.35,-11.2,12,5.5,2,2886,43.49,2.51,us-101
2896,1118847827400,18.599,412.691,15.93,-11.2,12,5.5,2,2886,43.38,2.72,us-101
2896,1118847827500,18.608,414.197,14.21,-11.2,12,5.5,2,2886,43.27,3.04,us-101
2896,1118847827600,18.597,415.548,12.65,-11.2,12,5.5,2,2886,43.18,3.41,us-101
2896,1118847827700,18.535,416.748,11.48,-9.53,12,5.5,2,2886,43.1,3.75,us-101
2896,1118847827800,18.548,417.819,10.69,-5.52,12,5.5,2,2886,43.03,4.03,us-101
2896,1118847827900,18.578,418.842,10.27,-2.97,12,5.5,2,2886,42.99,4.19,us-101
2896,1118847828000,18.599,419.844,10.06,-1.33,12,5.5,2,2886,42.99,4.27,us-101
2896,1118847828100,18.62,420.833,9.97,0,12,5.5,2,2886,43.01,4.31,us-101
2896,1118847828200,18.641,421.828,9.98,0.26,12,5.5,2,2886,43.03,4.31,us-101
2896,1118847828300,18.663,422.83,10,0,12,5.5,2,2886,42.97,4.3,us-101
2896,1118847828400,18.684,423.829,10,0,12,5.5,2,2886,42.78,4.28,us-101
2896,1118847828500,18.705,424.829,10,0,12,5.5,2,2886,42.47,4.25,us-101
2896,1118847828600,18.726,425.829,10,0,12,5.5,2,2886,42.03,4.2,us-101
2896,1118847828700,18.749,426.829,10,0,12,5.5,2,2886,41.52,4.15,us-101
2896,1118847828800,18.77,427.829,10,0,12,5.5,2,2886,41,4.1,us-101
2896,1118847828900,18.791,428.829,10,0,12,5.5,2,2886,40.5,4.05,us-101
2896,1118847829000,18.813,429.828,10,0,12,5.5,2,2886,40,4,us-101
2896,1118847829100,18.834,430.828,10,0,12,5.5,2,2886,39.5,3.95,us-101
2896,1118847829200,18.855,431.826,10.01,0.25,12,5.5,2,2886,39.02,3.9,us-101
2896,1118847829300,18.877,432.83,10.03,0.12,12,5.5,2,2886,38.51,3.84,us-101
2896,1118847829400,18.898,433.846,9.91,-1.95,12,5.5,2,2886,37.96,3.83,us-101
2896,1118847829500,18.92,434.854,9.48,-6.21,12,5.5,2,2886,37.34,3.94,us-101
2896,1118847829600,18.98,435.802,8.65,-10.78,12,5.5,2,2886,36.68,4.24,us-101
2896,1118847829700,19.02,436.61,7.5,-11.2,12,5.5,2,2886,36.08,4.81,us-101
2896,1118847829800,19.013,437.302,6.35,-10.79,12,5.5,2,2886,35.5,5.59,us-101
2896,1118847829900,18.984,437.854,5.52,-6.23,12,5.5,2,2886,35,6.34,us-101
2896,1118847830000,18.994,438.346,5.09,-1.96,12,5.5,2,2886,34.52,6.78,us-101
2896,1118847830100,19.006,438.828,4.97,0.13,12,5.5,2,2886,34.03,6.85,us-101
2896,1118847830200,19.015,439.324,4.98,0.26,12,5.5,2,2886,33.54,6.73,us-101
2896,1118847830300,19.027,439.826,5,0,12,5.5,2,2886,33.04,6.61,us-101
2896,1118847830400,19.038,440.326,5,0,12,5.5,2,2886,32.54,6.51,us-101
2896,1118847830500,19.048,440.826,5,0,12,5.5,2,2886,32.04,6.41,us-101
2896,1118847830600,19.059,441.325,5,0,12,5.5,2,2886,31.54,6.31,us-101
2896,1118847830700,19.07,441.825,5,0,12,5.5,2,2886,31.04,6.21,us-101
2896,1118847830800,19.08,442.325,5,0,12,5.5,2,2886,30.54,6.11,us-101
2896,1118847830900,19.091,442.825,5,0,12,5.5,2,2886,30.04,6.01,us-101
2896,1118847831000,19.102,443.325,5,0,12,5.5,2,2886,29.58,5.92,us-101
2896,1118847831100,19.112,443.825,5,0,12,5.5,2,2886,29.31,5.86,us-101
2896,1118847831200,19.123,444.323,5.01,0.26,12,5.5,2,2886,29.17,5.82,us-101
2896,1118847831300,19.134,444.827,5.03,0.13,12,5.5,2,2886,29.18,5.8,us-101
2896,1118847831400,19.144,445.344,4.91,-1.96,12,5.5,2,2886,29.3,5.97,us-101
2896,1118847831500,19.156,445.852,4.48,-6.24,12,5.5,2,2886,29.45,6.57,us-101
2896,1118847831600,19.206,446.3,3.64,-10.8,12,5.5,2,2886,29.65,8.15,us-101
2896,1118847831700,19.234,446.609,2.51,-11.2,12,5.5,2,2886,29.97,11.94,us-101
2896,1118847831800,19.216,446.799,1.4,-10.3,12,5.5,2,2886,30.43,21.74,us-101
2896,1118847831900,19.177,446.86,0.6,-5.98,12,5.5,2,2886,31.03,51.72,us-101
2896,1118847832000,19.176,446.863,0.17,-2.19,12,5.5,2,2886,31.65,186.15,us-101
2896,1118847832100,19.176,446.863,0,0,12,5.5,2,2886,32.09,9999.99,us-101
2896,1118847832200,19.176,446.863,0,0,12,5.5,2,2886,32.4,9999.99,us-101
2896,1118847832300,19.176,446.863,0,0,12,5.5,2,2886,32.58,9999.99,us-101
2896,1118847832400,19.176,446.863,0,0,12,5.5,2,2886,32.61,9999.99,us-101
2896,1118847832500,19.176,446.863,0,0,12,5.5,2,2886,32.61,9999.99,us-101
2896,1118847832600,19.176,446.863,0,0,12,5.5,2,2886,32.61,9999.99,us-101
2896,1118847832700,19.176,446.863,0,0,12,5.5,2,2886,32.61,9999.99,us-101
2896,1118847832800,19.176,446.863,0,0,12,5.5,2,2886,32.61,9999.99,us-101
2896,1118847832900,19.176,446.863,0,0,12,5.5,2,2886,32.61,9999.99,us-101
2896,1118847833000,19.176,446.863,0,0,12,5.5,2,2886,32.61,9999.99,us-101
2896,1118847833100,19.176,446.863,0,0,12,5.5,2,2886,32.61,9999.99,us-101
2896,1118847833200,19.176,446.863,0,0,12,5.5,2,2886,32.61,9999.99,us-101
2896,1118847833300,19.176,446.863,0,0,12,5.5,2,2886,32.61,9999.99,us-101
2896,1118847833400,19.176,446.863,0,0,12,5.5,2,2886,32.61,9999.99,us-101
2896,1118847833500,19.176,446.863,0,0,12,5.5,2,2886,32.61,9999.99,us-101
2896,1118847833600,19.176,446.863,0,0,12,5.5,2,2886,32.61,9999.99,us-101
2896,1118847833700,19.176,446.863,0,0,12,5.5,2,2886,32.61,9999.99,us-101
2896,1118847833800,19.176,446.863,0,0,12,5.5,2,2886,32.61,9999.99,us-101
2896,1118847833900,19.176,446.863,0,0,12,5.5,2,2886,32.61,9999.99,us-101
2896,1118847834000,19.176,446.863,0,0,12,5.5,2,2886,32.61,9999.99,us-101
2896,1118847834100,19.176,446.863,0,0,12,5.5,2,2886,32.61,9999.99,us-101
2896,1118847834200,19.176,446.863,0,0,12,5.5,2,2886,32.61,9999.99,us-101
2896,1118847834300,19.176,446.863,0,0,12,5.5,2,2886,32.61,9999.99,us-101
2896,1118847834400,19.176,446.863,0,0,12,5.5,2,2886,32.61,9999.99,us-101
2896,1118847834500,19.176,446.863,0,0,12,5.5,2,2886,32.61,9999.99,us-101
2896,1118847834600,19.176,446.863,0,0,12,5.5,2,2886,32.61,9999.99,us-101
2896,1118847834700,19.176,446.863,0,0,12,5.5,2,2886,32.61,9999.99,us-101
2896,1118847834800,19.176,446.863,0,0,12,5.5,2,2886,32.61,9999.99,us-101
2896,1118847834900,19.176,446.863,0,0,12,5.5,2,2886,32.61,9999.99,us-101
2896,1118847835000,19.176,446.863,0,0,12,5.5,2,2886,32.61,9999.99,us-101
2896,1118847835100,19.176,446.863,0,0,12,5.5,2,2886,32.61,9999.99,us-101
2896,1118847835200,19.176,446.863,0,0,12,5.5,2,2886,32.61,9999.99,us-101
2896,1118847835300,19.176,446.863,0,0,12,5.5,2,2886,32.61,9999.99,us-101
2896,1118847835400,19.176,446.863,0,0,12,5.5,2,2886,32.61,9999.99,us-101
2896,1118847835500,19.176,446.863,0,0,12,5.5,2,2886,32.61,9999.99,us-101
2896,1118847835600,19.176,446.863,0,0,12,5.5,2,2886,32.61,9999.99,us-101
2896,1118847835700,19.176,446.863,0,0,12,5.5,2,2886,32.61,9999.99,us-101
2896,1118847835800,19.176,446.863,0,0,12,5.5,2,2886,32.61,9999.99,us-101
2896,1118847835900,19.176,446.863,0,0,12,5.5,2,2886,32.61,9999.99,us-101
2896,1118847836000,19.176,446.863,0,0,12,5.5,2,2886,32.61,9999.99,us-101
2896,1118847836100,19.176,446.863,0,0,12,5.5,2,2886,32.61,9999.99,us-101
2896,1118847836200,19.176,446.863,0,0,12,5.5,2,2886,32.61,9999.99,us-101
2896,1118847836300,19.176,446.863,0,0,12,5.5,2,2886,32.61,9999.99,us-101
2896,1118847836400,19.176,446.863,0,0,12,5.5,2,2886,32.61,9999.99,us-101
2896,1118847836500,19.176,446.863,0,0,12,5.5,2,2886,32.61,9999.99,us-101
2896,1118847836600,19.176,446.863,0,0,12,5.5,2,2886,32.61,9999.99,us-101
2896,1118847836700,19.176,446.863,0,0,12,5.5,2,2886,32.61,9999.99,us-101
2896,1118847836800,19.176,446.863,0,0,12,5.5,2,2886,32.61,9999.99,us-101
2896,1118847836900,19.176,446.863,0,0,12,5.5,2,2886,32.61,9999.99,us-101
2896,1118847837000,19.176,446.863,0,0,12,5.5,2,2886,32.61,9999.99,us-101
2896,1118847837100,19.176,446.863,0,0,12,5.5,2,2886,32.61,9999.99,us-101
2896,1118847837200,19.176,446.863,0,0,12,5.5,2,2886,32.61,9999.99,us-101
2896,1118847837300,19.176,446.863,0,0,12,5.5,2,2886,32.61,9999.99,us-101
2896,1118847837400,19.176,446.863,0,0,12,5.5,2,2886,32.61,9999.99,us-101
2896,1118847837500,19.176,446.863,0,0,12,5.5,2,2886,32.61,9999.99,us-101
2896,1118847837600,19.176,446.863,0,0,12,5.5,2,2886,32.61,9999.99,us-101
2896,1118847837700,19.176,446.863,0,0,12,5.5,2,2886,32.61,9999.99,us-101
2896,1118847837800,19.176,446.863,0,0,12,5.5,2,2886,32.61,9999.99,us-101
2896,1118847837900,19.176,446.863,0,0,12,5.5,2,2886,32.61,9999.99,us-101
2896,1118847838000,19.176,446.863,0,0,12,5.5,2,2886,32.61,9999.99,us-101
2896,1118847838100,19.176,446.863,0,0,12,5.5,2,2886,32.61,9999.99,us-101
2896,1118847838200,19.176,446.863,0,0,12,5.5,2,2886,32.61,9999.99,us-101
2896,1118847838300,19.176,446.863,0,0,12,5.5,2,2886,32.61,9999.99,us-101
2896,1118847838400,19.176,446.863,0,0,12,5.5,2,2886,32.61,9999.99,us-101
2896,1118847838500,19.176,446.863,0,0,12,5.5,2,2886,32.61,9999.99,us-101
2896,1118847838600,19.176,446.863,0,0,12,5.5,2,2886,32.61,9999.99,us-101
2896,1118847838700,19.176,446.863,0,0,12,5.5,2,2886,32.61,9999.99,us-101
2896,1118847838800,19.176,446.863,0,0,12,5.5,2,2886,32.61,9999.99,us-101
2896,1118847838900,19.176,446.863,0,0,12,5.5,2,2886,32.61,9999.99,us-101
2896,1118847839000,19.17,446.863,0,0,12,5.5,2,2886,32.61,9999.99,us-101
2896,1118847839100,19.166,446.87,1.41,11.2,12,5.5,2,2886,32.6,23.12,us-101
2896,1118847839200,19.142,447.123,3.2,11.2,12,5.5,2,2886,32.35,10.11,us-101
2896,1118847839300,19.142,447.572,5.61,11.2,12,5.5,2,2886,31.9,5.69,us-101
2896,1118847839400,19.129,448.253,8.12,11.2,12,5.5,2,2886,31.22,3.84,us-101
2896,1118847839500,19.14,449.135,9.96,11.2,12,5.5,2,2886,30.33,3.05,us-101
2896,1118847839600,19.11,450.272,10.52,-1.89,12,5.5,2,2886,29.2,2.78,us-101
2896,1118847839700,19.102,451.349,9.62,-11.2,12,5.5,2,2886,28.12,2.92,us-101
2896,1118847839800,19.049,452.189,7.55,-11.2,12,5.5,2,2886,27.28,3.61,us-101
2896,1118847839900,18.989,452.815,4.97,-11.2,12,5.5,2,2886,26.65,5.36,us-101
2896,1118847840000,18.94,453.21,2.68,-11.2,12,5.5,2,2886,26.31,9.82,us-101
2896,1118847840100,18.812,453.421,1.1,-11.2,12,5.5,2,2886,26.26,23.88,us-101
2896,1118847840200,18.808,453.423,0.27,-3.84,12,5.5,2,2886,26.49,98.12,us-101
2896,1118847840300,18.816,453.423,0,0,12,5.5,2,2886,26.76,9999.99,us-101
2896,1118847840400,18.816,453.423,0,0,12,5.5,2,2886,27.07,9999.99,us-101
2896,1118847840500,18.816,453.423,0,0,12,5.5,2,2886,27.49,9999.99,us-101
2896,1118847840600,18.816,453.423,0,0,12,5.5,2,2886,28.05,9999.99,us-101
2896,1118847840700,18.816,453.423,0,0,12,5.5,2,2886,28.7,9999.99,us-101
2896,1118847840800,18.816,453.423,0,0,12,5.5,2,2886,29.38,9999.99,us-101
2896,1118847840900,18.816,453.423,0,0,12,5.5,2,2886,30.08,9999.99,us-101
2896,1118847841000,18.816,453.423,0,0,12,5.5,2,2886,30.77,9999.99,us-101
2896,1118847841100,18.816,453.423,0,0,12,5.5,2,2886,31.45,9999.99,us-101
2896,1118847841200,18.815,453.423,0,0,12,5.5,2,2886,32.13,9999.99,us-101
2896,1118847841300,18.776,453.423,0,0,12,5.5,2,2886,32.84,9999.99,us-101
2896,1118847841400,18.758,453.579,2.29,11.2,12,5.5,2,2886,33.37,14.57,us-101
2896,1118847841500,18.787,453.865,3.52,11.2,12,5.5,2,2886,33.69,9.57,us-101
2896,1118847841600,18.837,454.303,4.45,6.69,12,5.5,2,2886,33.75,7.58,us-101
2896,1118847841700,18.848,454.814,4.91,1.97,12,5.5,2,2886,33.66,6.86,us-101
2896,1118847841800,18.858,455.33,5.03,-0.11,12,5.5,2,2886,33.63,6.69,us-101
2896,1118847841900,18.87,455.834,5.01,-0.25,12,5.5,2,2886,33.78,6.74,us-101
2896,1118847842000,18.88,456.334,4.98,-0.26,12,5.5,2,2886,34.05,6.84,us-101
2896,1118847842100,18.891,456.83,4.97,-0.12,12,5.5,2,2886,34.5,6.94,us-101
2896,1118847842200,18.902,457.313,5.09,1.98,12,5.5,2,2886,34.97,6.87,us-101
2896,1118847842300,18.912,457.804,5.52,6.25,12,5.5,2,2886,35.4,6.41,us-101
2896,1118847842400,18.883,458.357,6.36,10.79,12,5.5,2,2886,35.8,5.63,us-101
2896,1118847842500,18.876,459.049,7.5,11.2,12,5.5,2,2886,36.17,4.82,us-101
2896,1118847842600,18.915,459.857,8.65,10.76,12,5.5,2,2886,36.56,4.23,us-101
2896,1118847842700,18.975,460.805,9.48,6.21,12,5.5,2,2886,36.91,3.89,us-101
2896,1118847842800,18.998,461.812,9.91,1.96,12,5.5,2,2886,37.29,3.76,us-101
2896,1118847842900,19.019,462.831,10.01,-0.36,12,5.5,2,2886,37.73,3.77,us-101
2896,1118847843000,19.04,463.83,9.99,-0.33,12,5.5,2,2886,38.23,3.83,us-101
2896,1118847843100,19.062,464.815,10.07,1.55,12,5.5,2,2886,38.76,3.85,us-101
2896,1118847843200,19.083,465.812,10.36,4.29,12,5.5,2,2886,39.26,3.79,us-101
2896,1118847843300,19.09,466.851,10.91,6.94,12,5.5,2,2886,39.72,3.64,us-101
2896,1118847843400,19.113,467.966,11.66,8.3,12,5.5,2,2886,40.11,3.44,us-101
2896,1118847843500,19.137,469.173,12.5,8.5,12,5.5,2,2886,40.4,3.23,us-101
2896,1118847843600,19.167,470.465,13.33,8.32,12,5.5,2,2886,40.61,3.05,us-101
2896,1118847843700,19.197,471.849,14.09,7.02,12,5.5,2,2886,40.72,2.89,us-101
2896,1118847843800,19.243,473.312,14.63,4.2,12,5.5,2,2886,40.76,2.79,us-101
2896,1118847843900,19.27,474.818,14.88,0.79,12,5.5,2,2886,40.75,2.74,us-101
2896,1118847844000,19.321,476.329,14.85,-1.83,12,5.5,2,2886,40.74,2.74,us-101
2896,1118847844100,19.387,477.812,14.64,-2.64,12,5.5,2,2886,40.75,2.78,us-101
2896,1118847844200,19.393,479.259,14.4,-2.17,12,5.5,2,2886,40.79,2.83,us-101
2896,1118847844300,19.296,480.683,14.24,-1.27,12,5.5,2,2886,40.86,2.87,us-101
2896,1118847844400,19.107,482.094,14.15,-0.39,12,5.5,2,2886,41,2.9,us-101
2896,1118847844500,18.89,483.504,14.13,0.04,12,5.5,2,2886,41.28,2.92,us-101
2896,1118847844600,18.693,484.916,14.13,0.07,12,5.5,2,2886,41.67,2.95,us-101
2896,1118847844700,18.496,486.33,14.13,0,12,5.5,2,2886,42.2,2.99,us-101
2896,1118847844800,18.299,487.743,14.15,0.18,12,5.5,2,2886,42.8,3.02,us-101
2896,1118847844900,18.101,489.169,14.06,-1.43,12,5.5,2,2886,43.39,3.09,us-101
2896,1118847845000,17.904,490.59,13.71,-5.02,12,5.5,2,2886,43.97,3.21,us-101
2896,1118847845100,17.702,491.939,13.25,-5.48,12,5.5,2,2886,44.63,3.37,us-101
2896,1118847845200,17.515,493.202,13.09,0.5,12,5.5,2,2886,45.37,3.47,us-101
2896,1118847845300,17.352,494.453,13.58,9.82,12,5.5,2,2886,46.07,3.39,us-101
2896,1118847845400,17.304,495.866,14.77,11.2,12,5.5,2,2886,46.54,3.15,us-101
2896,1118847845500,17.296,497.403,16.11,11.2,12,5.5,2,2886,46.85,2.91,us-101
2896,1118847845600,17.384,499.118,16.87,3.69,12,5.5,2,2886,46.96,2.78,us-101
2896,1118847845700,17.494,500.882,16.83,-5.12,12,5.5,2,2886,46.97,2.79,us-101
2896,1118847845800,17.558,502.559,16.31,-7.33,12,5.5,2,2886,46.95,2.88,us-101
2896,1118847845900,17.573,504.122,15.9,-1.95,12,5.5,2,2886,46.95,2.95,us-101
2896,1118847846000,17.613,505.654,16,4.88,12,5.5,2,2886,46.91,2.93,us-101
2896,1118847846100,17.672,507.263,16.53,6.73,12,5.5,2,2886,46.78,2.83,us-101
2896,1118847846200,17.749,508.962,17.07,4.55,12,5.5,2,2886,46.57,2.73,us-101
2896,1118847846300,17.813,510.701,17.5,3.25,12,5.5,2,2886,46.34,2.65,us-101
2896,1118847846400,17.876,512.461,17.91,4.42,12,5.5,2,2886,46.12,2.57,us-101
2896,1118847846500,17.926,514.269,18.35,5.22,12,5.5,2,2886,45.89,2.5,us-101
2896,1118847846600,18.01,516.146,18.69,2.49,12,5.5,2,2886,45.64,2.44,us-101
2896,1118847846700,18.08,518.052,18.77,-1.32,12,5.5,2,2886,45.37,2.42,us-101
2896,1118847846800,18.149,519.926,18.7,-1.31,12,5.5,2,2886,45.13,2.41,us-101
2896,1118847846900,18.214,521.767,18.78,2.51,12,5.5,2,2886,44.92,2.39,us-101
2896,1118847847000,18.267,523.636,19.14,5.48,12,5.5,2,2886,44.68,2.33,us-101
2896,1118847847100,18.353,525.58,19.6,4.51,12,5.5,2,2886,44.34,2.26,us-101
2896,1118847847200,18.427,527.581,19.91,1.68,12,5.5,2,2886,43.9,2.2,us-101
2896,1118847847300,18.499,529.594,20.02,-0.1,12,5.5,2,2886,43.43,2.17,us-101
2896,1118847847400,18.572,531.597,20,-0.26,12,5.5,2,2886,42.99,2.15,us-101
2896,1118847847500,18.646,533.593,20,0.26,12,5.5,2,2886,42.59,2.13,us-101
2896,1118847847600,18.717,535.595,20.02,0.12,12,5.5,2,2886,42.23,2.11,us-101
2896,1118847847700,18.791,537.611,19.9,-1.99,12,5.5,2,2886,41.85,2.1,us-101
2896,1118847847800,18.864,539.618,19.46,-6.25,12,5.5,2,2886,41.45,2.13,us-101
2896,1118847847900,18.975,541.564,18.63,-10.77,12,5.5,2,2886,41.09,2.21,us-101
2896,1118847848000,19.063,543.37,17.49,-11.2,12,5.5,2,2886,40.86,2.34,us-101
2896,1118847848100,19.103,545.061,16.35,-10.75,12,5.5,2,2886,40.79,2.5,us-101
2896,1118847848200,19.118,546.613,15.51,-6.22,12,5.5,2,2886,40.94,2.64,us-101
2896,1118847848300,19.172,548.104,15.08,-1.99,12,5.5,2,2886,41.24,2.74,us-101
2896,1118847848400,19.227,549.587,14.95,0,12,5.5,2,2886,41.64,2.79,us-101
2896,1118847848500,19.281,551.081,14.95,0.08,12,5.5,2,2886,42.11,2.82,us-101
2896,1118847848600,19.336,552.573,15.01,0.74,12,5.5,2,2886,42.62,2.84,us-101
2896,1118847848700,19.393,554.064,15.21,2.89,12,5.5,2,2886,43.14,2.84,us-101
2896,1118847848800,19.44,555.582,15.61,5.37,12,5.5,2,2886,43.63,2.79,us-101
2896,1118847848900,19.474,557.16,16.19,6.65,12,5.5,2,2886,44.05,2.72,us-101
2896,1118847849000,19.523,558.82,16.78,5.47,12,5.5,2,2886,44.39,2.65,us-101
2896,1118847849100,19.558,560.547,17.14,2.1,12,5.5,2,2886,44.66,2.61,us-101
2896,1118847849200,19.604,562.296,17.17,-1.57,12,5.5,2,2886,44.91,2.62,us-101
2896,1118847849300,19.615,564.018,16.97,-3.15,12,5.5,2,2886,45.19,2.66,us-101
2896,1118847849400,19.549,565.69,16.76,-1.56,12,5.5,2,2886,45.52,2.72,us-101
2896,1118847849500,19.454,567.339,16.75,1.42,12,5.5,2,2886,45.87,2.74,us-101
2896,1118847849600,19.388,569.011,16.94,2.84,12,5.5,2,2886,46.19,2.73,us-101
2896,1118847849700,19.399,570.721,17.17,2.21,12,5.5,2,2886,46.48,2.71,us-101
2896,1118847849800,19.447,572.453,17.39,1.74,12,5.5,2,2886,46.75,2.69,us-101
2896,1118847849900,19.479,574.193,17.66,3.12,12,5.5,2,2886,47.01,2.66,us-101
2896,1118847850000,19.494,575.958,18.09,5.59,12,5.5,2,2886,47.25,2.61,us-101
2896,1118847850100,19.49,577.785,18.69,6.85,12,5.5,2,2886,47.42,2.54,us-101
2896,1118847850200,19.491,579.695,19.3,5.73,12,5.5,2,2886,47.52,2.46,us-101
2896,1118847850300,19.474,581.669,19.74,3.24,12,5.5,2,2886,47.54,2.41,us-101
2896,1118847850400,19.44,583.675,19.96,0.96,12,5.5,2,2886,47.47,2.38,us-101
2896,1118847850500,19.409,585.685,20.02,-0.13,12,5.5,2,2886,47.39,2.37,us-101
2896,1118847850600,19.378,587.686,20.01,-0.15,12,5.5,2,2886,47.33,2.37,us-101
2896,1118847850700,19.347,589.685,20,0,12,5.5,2,2886,47.32,2.37,us-101
2896,1118847850800,19.316,591.685,20,0,12,5.5,2,2886,47.33,2.37,us-101
2896,1118847850900,19.285,593.684,20,0,12,5.5,2,2886,47.32,2.37,us-101
2896,1118847851000,19.254,595.684,20,0,12,5.5,2,2886,47.31,2.37,us-101
2896,1118847851100,19.223,597.684,20,0,12,5.5,2,2886,47.36,2.37,us-101
2896,1118847851200,19.192,599.684,20,0,12,5.5,2,2886,47.48,2.37,us-101
2896,1118847851300,19.161,601.683,20,0,12,5.5,2,2886,47.71,2.39,us-101
2896,1118847851400,19.13,603.683,20,0,12,5.5,2,2886,47.96,2.4,us-101
2896,1118847851500,19.099,605.683,20,0,12,5.5,2,2886,48.18,2.41,us-101
2896,1118847851600,19.069,607.683,20,0,12,5.5,2,2886,48.29,2.41,us-101
2896,1118847851700,19.037,609.682,20,0,12,5.5,2,2886,48.33,2.42,us-101
2896,1118847851800,19.006,611.682,20,0,12,5.5,2,2886,48.38,2.42,us-101
2896,1118847851900,18.976,613.682,20,0,12,5.5,2,2886,48.56,2.43,us-101
2896,1118847852000,18.945,615.682,20,0,12,5.5,2,2886,48.88,2.44,us-101
2896,1118847852100,18.913,617.681,20,0,12,5.5,2,2886,49.33,2.47,us-101
2896,1118847852200,18.882,619.681,20,0,12,5.5,2,2886,49.78,2.49,us-101
2896,1118847852300,18.852,621.681,20,0,12,5.5,2,2886,50.17,2.51,us-101
2896,1118847852400,18.821,623.681,20,0,12,5.5,2,2886,50.5,2.53,us-101
2896,1118847852500,18.789,625.68,20,0,12,5.5,2,2886,50.87,2.54,us-101
2896,1118847852600,18.759,627.69,19.9,-1.5,12,5.5,2,2886,51.31,2.58,us-101
2896,1118847852700,18.728,629.68,19.69,-2.78,12,5.5,2,2886,51.82,2.63,us-101
2896,1118847852800,18.697,631.628,19.54,-1.32,12,5.5,2,2886,52.39,2.68,us-101
2896,1118847852900,18.671,633.56,19.54,1.35,12,5.5,2,2886,52.96,2.71,us-101
2896,1118847853000,18.659,635.508,19.69,2.79,12,5.5,2,2886,53.51,2.72,us-101
2896,1118847853100,18.646,637.498,19.91,1.48,12,5.5,2,2886,54.02,2.71,us-101
2896,1118847853200,18.634,639.508,20,0,12,5.5,2,2886,54.51,2.73,us-101
2896,1118847853300,18.621,641.508,20,0,12,5.5,2,2886,55.01,2.75,us-101
2896,1118847853400,18.608,643.508,20,0,12,5.5,2,2886,55.51,2.78,us-101
2896,1118847853500,18.596,645.508,20,0.03,12,5.5,2,2886,56.01,2.8,us-101
2896,1118847853600,18.583,647.511,19.98,-0.41,12,5.5,2,2886,56.5,2.83,us-101
2896,1118847853700,18.57,649.501,19.99,0.39,12,5.5,2,2886,57.01,2.85,us-101
2896,1118847853800,18.552,651.47,20.34,5.33,12,5.5,2,2886,57.55,2.83,us-101
2896,1118847853900,18.539,653.504,21.29,11.2,12,5.5,2,2886,58.01,2.72,us-101
2896,1118847854000,18.497,655.733,22.94,11.2,12,5.5,2,2886,58.28,2.54,us-101
2896,1118847854100,18.488,658.142,25.12,11.2,12,5.5,2,2886,58.37,2.32,us-101
2896,1118847854200,18.466,660.758,27.3,11.2,12,5.5,2,2886,58.26,2.13,us-101
2896,1118847854300,18.479,663.556,29,11.2,12,5.5,2,2886,57.96,2,us-101
2896,1118847854400,18.437,666.547,30.02,6.02,12,5.5,2,2886,57.47,1.91,us-101
2896,1118847854500,18.372,669.617,30.42,0.9,12,5.5,2,2886,56.9,1.87,us-101
2896,1118847854600,18.307,672.673,30.47,-0.24,12,5.5,2,2886,56.34,1.85,us-101
2896,1118847854700,18.243,675.714,30.47,0.35,12,5.5,2,2886,55.8,1.83,us-101
2896,1118847854800,18.178,678.782,30.33,-2.43,12,5.5,2,2886,55.23,1.82,us-101
2896,1118847854900,18.114,681.857,29.55,-11.2,12,5.5,2,2886,54.66,1.85,us-101
2896,1118847855000,18.114,684.694,27.81,-11.2,12,5.5,2,2886,54.32,1.95,us-101
2896,1118847855100,18.044,687.319,25.1,-11.2,12,5.5,2,2886,54.18,2.16,us-101
2896,1118847855200,17.979,689.662,21.81,-11.2,12,5.5,2,2886,54.33,2.49,us-101
2896,1118847855300,17.925,691.711,18.86,-11.2,12,5.5,2,2886,54.84,2.91,us-101
2896,1118847855400,17.79,693.545,17.06,-11.2,12,5.5,2,2886,55.67,3.26,us-101
2896,1118847855500,17.721,695.088,16.67,4.6,12,5.5,2,2886,56.9,3.41,us-101
2896,1118847855600,17.711,696.734,17.42,11.2,12,5.5,2,2886,58.08,3.33,us-101
2896,1118847855700,17.721,698.53,18.59,11.2,12,5.5,2,2886,59.13,3.18,us-101
2896,1118847855800,17.75,700.478,19.47,6.23,12,5.5,2,2886,60.07,3.09,us-101
2896,1118847855900,17.737,702.485,19.9,2.04,12,5.5,2,2886,61.01,3.07,us-101
2896,1118847856000,17.725,704.501,20.03,-0.08,12,5.5,2,2886,62,3.1,us-101
2896,1118847856100,17.712,706.506,20.02,-0.26,12,5.5,2,2886,63.01,3.15,us-101
2896,1118847856200,17.699,708.504,20,0,12,5.5,2,2886,64.01,3.2,us-101
2896,1118847856300,17.687,710.505,19.98,-0.24,12,5.5,2,2886,65.01,3.25,us-101
2896,1118847856400,17.674,712.501,19.97,-0.07,12,5.5,2,2886,66.02,3.31,us-101
2896,1118847856500,17.661,714.484,20.1,2.05,12,5.5,2,2886,67.04,3.34,us-101
2896,1118847856600,17.649,716.478,20.53,6.25,12,5.5,2,2886,68.04,3.31,us-101
2896,1118847856700,17.595,718.532,21.36,10.68,12,5.5,2,2886,68.98,3.23,us-101
2896,1118847856800,17.559,720.724,22.5,11.2,12,5.5,2,2886,69.82,3.1,us-101
2896,1118847856900,17.566,723.032,23.63,10.71,12,5.5,2,2886,70.61,2.99,us-101
2896,1118847857000,17.592,725.477,24.47,6.29,12,5.5,2,2886,71.35,2.92,us-101
2896,1118847857100,17.576,727.984,24.9,2.06,12,5.5,2,2886,72.11,2.9,us-101
2896,1118847857200,17.56,730.501,25.03,-0.1,12,5.5,2,2886,72.88,2.91,us-101
2896,1118847857300,17.544,733.005,25.02,-0.27,12,5.5,2,2886,73.65,2.94,us-101
2896,1118847857400,17.529,735.503,25,0,12,5.5,2,2886,74.42,2.98,us-101
2896,1118847857500,17.513,738.003,25,0,12,5.5,2,2886,75.2,3.01,us-101
2896,1118847857600,17.497,740.503,25,0,12,5.5,2,2886,75.99,3.04,us-101
2896,1118847857700,17.481,743.003,25,0,12,5.5,2,2886,76.75,3.07,us-101
2896,1118847857800,17.466,745.503,25,0,12,5.5,2,2886,77.42,3.1,us-101
2896,1118847857900,17.45,748.003,25,0,12,5.5,2,2886,78.01,3.12,us-101
2896,1118847858000,17.435,750.503,25,0,12,5.5,2,2886,78.62,3.14,us-101
2896,1118847858100,17.418,753.003,25,0,12,5.5,2,2886,79.32,3.17,us-101
2896,1118847858200,17.403,755.502,25,0,12,5.5,2,2886,80.07,3.2,us-101
2896,1118847858300,17.387,758.004,24.98,-0.25,12,5.5,2,2886,80.76,3.23,us-101
2896,1118847858400,17.372,760.499,24.97,-0.06,12,5.5,2,2886,81.32,3.26,us-101
2896,1118847858500,17.356,762.985,25.08,1.7,12,5.5,2,2886,81.82,3.26,us-101
2896,1118847858600,17.34,765.484,25.39,4.47,12,5.5,2,2886,82.35,3.24,us-101
2896,1118847858700,17.308,768.038,25.86,5.53,12,5.5,2,2886,82.92,3.21,us-101
2896,1118847858800,17.308,770.668,26.22,2.58,12,5.5,2,2886,83.49,3.18,us-101
2896,1118847858900,17.291,773.337,26.22,-2.6,12,5.5,2,2886,84.06,3.21,us-101
2896,1118847859000,17.29,775.966,25.86,-5.37,12,5.5,2,2886,84.69,3.28,us-101
2896,1118847859100,17.258,778.512,25.5,-2.95,12,5.5,2,2886,85.44,3.35,us-101
2896,1118847859200,17.243,781.01,25.5,2.74,12,5.5,2,2886,86.32,3.39,us-101
2896,1118847859300,17.2,783.538,26,7.78,12,5.5,2,2886,87.25,3.36,us-101
2896,1118847859400,17.158,786.162,26.84,9.67,12,5.5,2,2886,88.13,3.28,us-101
2896,1118847859500,17.142,788.904,27.7,8.03,12,5.5,2,2886,88.9,3.21,us-101
2896,1118847859600,17.127,791.738,28.3,4.37,12,5.5,2,2886,89.57,3.17,us-101
2896,1118847859700,17.09,794.614,28.57,0.77,12,5.5,2,2886,90.19,3.16,us-101
2896,1118847859800,17.046,797.489,28.59,-0.97,12,5.5,2,2886,90.82,3.18,us-101
2896,1118847859900,16.981,800.341,28.52,-0.62,12,5.5,2,2886,91.47,3.21,us-101
2896,1118847860000,16.909,803.182,28.52,0.58,12,5.5,2,2886,92.13,3.23,us-101
2896,1118847860100,16.843,806.034,28.59,1.01,12,5.5,2,2886,92.78,3.25,us-101
2896,1118847860200,16.799,808.91,28.57,-0.87,12,5.5,2,2886,93.4,3.27,us-101
2896,1118847860300,16.765,811.788,28.26,-4.89,12,5.5,2,2886,93.99,3.33,us-101
2896,1118847860400,16.745,814.614,27.61,-8.53,12,5.5,2,2886,94.62,3.43,us-101
2896,1118847860500,16.71,817.34,26.76,-9.23,12,5.5,2,2886,95.36,3.56,us-101
2896,1118847860600,16.692,819.944,26.08,-5.21,12,5.5,2,2886,96.25,3.69,us-101
2896,1118847860700,16.711,822.481,25.93,1.74,12,5.5,2,2886,97.22,3.75,us-101
2896,1118847860800,16.879,825.042,26.36,7.55,12,5.5,2,2886,98.15,3.72,us-101
2896,1118847860900,17.037,827.695,27.19,10.13,12,5.5,2,2886,99,3.64,us-101
2896,1118847861000,17.126,830.469,28.17,9.41,12,5.5,2,2886,99.73,3.54,us-101
2896,1118847861100,17.155,833.348,28.99,7.23,12,5.5,2,2886,100.35,3.46,us-101
2896,1118847861200,17.105,836.3,29.57,4.54,12,5.5,2,2886,100.89,3.41,us-101
2896,1118847861300,17.062,839.299,29.89,1.7,12,5.5,2,2886,101.4,3.39,us-101
2896,1118847861400,17.093,842.308,30,0.18,12,5.5,2,2886,101.89,3.4,us-101
2896,1118847861500,17.1,845.311,30.01,-0.1,12,5.5,2,2886,102.38,3.41,us-101
2896,1118847861600,17.107,848.311,30,-0.03,12,5.5,2,2886,102.89,3.43,us-101
2896,1118847861700,17.115,851.311,30,0,12,5.5,2,2886,103.38,3.45,us-101
2896,1118847861800,17.122,854.311,30,0,12,5.5,2,2886,103.87,3.46,us-101
2896,1118847861900,17.129,857.309,30.01,0.22,12,5.5,2,2886,104.37,3.48,us-101
2896,1118847862000,17.136,860.314,30.01,-0.12,12,5.5,2,2886,104.93,3.5,us-101
2896,1118847862100,17.143,863.323,29.91,-1.47,12,5.5,2,2886,105.56,3.53,us-101
2896,1118847862200,17.172,866.301,29.83,-0.79,12,5.5,2,2886,106.3,3.56,us-101
2896,1118847862300,17.156,869.251,30.07,4.26,12,5.5,2,2886,107.07,3.56,us-101
2896,1118847862400,17.002,872.236,30.85,11.2,12,5.5,2,2886,107.79,3.49,us-101
2896,1118847862500,16.918,875.402,32.24,11.2,12,5.5,2,2886,108.27,3.36,us-101
2896,1118847862600,16.882,878.71,33.91,11.2,12,5.5,2,2886,108.6,3.2,us-101
2896,1118847862700,16.899,882.16,35.31,11.2,12,5.5,2,2886,108.84,3.08,us-101
2896,1118847862800,16.988,885.785,36.17,5.27,12,5.5,2,2886,109.01,3.01,us-101
2896,1118847862900,17.046,889.463,36.51,0.52,12,5.5,2,2886,109.23,2.99,us-101
2896,1118847863000,17.105,893.125,36.54,-0.31,12,5.5,2,2886,109.54,3,us-101
2896,1118847863100,17.164,896.778,36.49,-0.39,12,5.5,2,2886,109.89,3.01,us-101
2896,1118847863200,17.223,900.45,36.22,-4.24,12,5.5,2,2886,110.23,3.04,us-101
2896,1118847863300,17.282,904.087,35.49,-10.04,12,5.5,2,2886,110.6,3.12,us-101
2896,1118847863400,17.434,907.579,34.31,-11.2,12,5.5,2,2886,111.12,3.24,us-101
2896,1118847863500,17.591,910.937,32.86,-11.2,12,5.5,2,2886,111.78,3.4,us-101
2896,1118847863600,17.716,914.157,31.65,-9.82,12,5.5,2,2886,112.51,3.55,us-101
2896,1118847863700,17.83,917.217,31.14,-1.17,12,5.5,2,2886,113.29,3.64,us-101
2896,1118847863800,17.812,920.274,31.36,6.41,12,5.5,2,2886,113.93,3.63,us-101
2896,1118847863900,17.839,923.431,31.95,7.29,12,5.5,2,2886,114.4,3.58,us-101
2896,1118847864000,17.905,926.694,32.39,2.02,12,5.5,2,2886,114.73,3.54,us-101
2896,1118847864100,17.946,929.966,32.49,-1.28,12,5.5,2,2886,115.05,3.54,us-101
2896,1118847864200,17.959,933.195,32.57,1.56,12,5.5,2,2886,115.41,3.54,us-101
2896,1118847864300,17.947,936.422,32.99,7.17,12,5.5,2,2886,115.78,3.51,us-101
2896,1118847864400,17.973,939.741,33.74,9.13,12,5.5,2,2886,116.05,3.44,us-101
2896,1118847864500,18.042,943.178,34.47,6.13,12,5.5,2,2886,116.2,3.37,us-101
2896,1118847864600,18.072,946.684,34.9,2.06,12,5.5,2,2886,116.27,3.33,us-101
2896,1118847864700,18.1,950.2,35.03,-0.07,12,5.5,2,2886,116.33,3.32,us-101
2896,1118847864800,18.13,953.705,35.01,-0.3,12,5.5,2,2886,116.46,3.33,us-101
2896,1118847864900,18.159,957.202,35,0,12,5.5,2,2886,116.69,3.33,us-101
2896,1118847865000,18.188,960.701,35.01,0.27,12,5.5,2,2886,117.04,3.34,us-101
2896,1118847865100,18.236,964.2,35.06,0.72,12,5.5,2,2886,117.49,3.35,us-101
2896,1118847865200,18.242,967.706,35.17,1.36,12,5.5,2,2886,117.97,3.35,us-101
2896,1118847865300,18.175,971.227,35.32,1.76,12,5.5,2,2886,118.45,3.35,us-101
2896,1118847865400,18.05,974.77,35.48,1.57,12,5.5,2,2886,118.91,3.35,us-101
2896,1118847865500,17.925,978.331,35.59,0.64,12,5.5,2,2886,119.35,3.35,us-101
2896,1118847865600,17.863,981.898,35.62,-0.11,12,5.5,2,2886,119.78,3.36,us-101
2896,1118847865700,17.825,985.45,35.72,1.49,12,5.5,2,2886,120.23,3.37,us-101
2896,1118847865800,17.793,989.002,36.11,5.82,12,5.5,2,2886,120.68,3.34,us-101
2896,1118847865900,17.803,992.614,36.89,10.07,12,5.5,2,2886,121.07,3.28,us-101
2896,1118847866000,17.832,996.343,37.91,11.2,12,5.5,2,2886,121.34,3.2,us-101
2896,1118847866100,17.901,1000.204,38.9,8.84,12,5.5,2,2886,121.48,3.12,us-101
2896,1118847866200,17.967,1004.165,39.58,4.81,12,5.5,2,2886,121.51,3.07,us-101
2896,1118847866300,17.962,1008.168,39.91,1.66,12,5.5,2,2886,121.51,3.04,us-101
2896,1118847866400,17.968,1012.178,40.03,0.29,12,5.5,2,2886,121.5,3.04,us-101
2896,1118847866500,17.974,1016.187,40.04,-0.14,12,5.5,2,2886,121.48,3.03,us-101
2896,1118847866600,17.98,1020.199,39.93,-1.6,12,5.5,2,2886,121.46,3.04,us-101
2896,1118847866700,17.987,1024.202,39.62,-4.4,12,5.5,2,2886,121.5,3.07,us-101
2896,1118847866800,18.01,1028.16,39.08,-6.83,12,5.5,2,2886,121.65,3.11,us-101
2896,1118847866900,18.016,1032.035,38.42,-6.84,12,5.5,2,2886,121.99,3.18,us-101
2896,1118847867000,18.005,1035.827,37.88,-4.4,12,5.5,2,2886,122.51,3.23,us-101
2896,1118847867100,18.01,1039.575,37.57,-1.61,12,5.5,2,2886,123.17,3.28,us-101
2896,1118847867200,18.017,1043.311,37.47,0.07,12,5.5,2,2886,123.91,3.31,us-101
2896,1118847867300,18.022,1047.057,37.48,0.26,12,5.5,2,2886,124.67,3.33,us-101
2896,1118847867400,18.028,1050.808,37.5,0,12,5.5,2,2886,125.43,3.34,us-101
2896,1118847867500,18.033,1054.559,37.5,0,12,5.5,2,2886,126.18,3.36,us-101
2896,1118847867600,18.04,1058.308,37.5,0,12,5.5,2,2886,126.93,3.38,us-101
2896,1118847867700,18.045,1062.059,37.5,0,12,5.5,2,2886,127.68,3.4,us-101
2896,1118847867800,18.051,1065.809,37.5,0,12,5.5,2,2886,128.43,3.42,us-101
2896,1118847867900,18.056,1069.555,37.53,0.47,12,5.5,2,2886,129.18,3.44,us-101
2896,1118847868000,18.063,1073.314,37.54,0.05,12,5.5,2,2886,129.93,3.46,us-101
2896,1118847868100,18.068,1077.088,37.35,-3.13,12,5.5,2,2886,130.65,3.5,us-101
2896,1118847868200,18.095,1080.836,36.81,-7.62,12,5.5,2,2886,131.4,3.57,us-101
2896,1118847868300,18.085,1084.487,36.07,-8.58,12,5.5,2,2886,132.25,3.67,us-101
2896,1118847868400,17.967,1088.017,35.56,-2.85,12,5.5,2,2886,133.21,3.75,us-101
2896,1118847868500,17.872,1091.504,35.68,5.47,12,5.5,2,2886,134.22,3.76,us-101
2896,1118847868600,17.902,1095.069,36.35,9.39,12,5.5,2,2886,135.23,3.72,us-101
2896,1118847868700,17.984,1098.763,37.12,7.03,12,5.5,2,2886,136.23,3.67,us-101
2896,1118847868800,18.156,1102.54,37.61,2.48,12,5.5,2,2886,137.27,3.65,us-101
2896,1118847868900,18.298,1106.333,37.76,-0.1,12,5.5,2,2886,138.44,3.67,us-101
2896,1118847869000,18.44,1110.112,37.75,-0.33,12,5.5,2,2886,139.7,3.7,us-101
2896,1118847869100,18.583,1113.883,37.72,-0.07,12,5.5,2,2886,140.99,3.74,us-101
2896,1118847869200,18.724,1117.655,37.71,-0.2,12,5.5,2,2886,142.25,3.77,us-101
2896,1118847869300,18.866,1121.421,37.73,0.45,12,5.5,2,2886,143.45,3.8,us-101
2896,1118847869400,18.996,1125.183,37.9,2.51,12,5.5,2,2886,144.58,3.81,us-101
2896,1118847869500,19.158,1128.969,38.26,4.92,12,5.5,2,2886,145.63,3.81,us-101
2896,1118847869600,19.351,1132.813,38.77,5.79,12,5.5,2,2886,146.65,3.78,us-101
2896,1118847869700,19.523,1136.725,39.28,4.65,12,5.5,2,2886,147.68,3.76,us-101
2896,1118847869800,19.652,1140.69,39.66,2.76,12,5.5,2,2886,148.72,3.75,us-101
2896,1118847869900,19.693,1144.679,39.87,1.34,12,5.5,2,2886,149.75,3.76,us-101
2896,1118847870000,19.677,1148.678,39.96,0.52,12,5.5,2,2886,150.75,3.77,us-101
2896,1118847870100,19.683,1152.677,40.03,0.58,12,5.5,2,2886,151.73,3.79,us-101
2896,1118847870200,19.69,1156.681,40.1,0.9,12,5.5,2,2886,152.7,3.81,us-101
2896,1118847870300,19.696,1160.698,40.15,0.44,12,5.5,2,2886,153.66,3.83,us-101
2896,1118847870400,19.695,1164.721,40.15,-0.44,12,5.5,2,2886,154.63,3.85,us-101
2896,1118847870500,19.69,1168.738,40.1,-0.93,12,5.5,2,2886,155.62,3.88,us-101
2896,1118847870600,19.685,1172.741,40.03,-0.49,12,5.5,2,2886,156.62,3.91,us-101
2896,1118847870700,19.679,1176.738,40,0,12,5.5,2,2886,157.62,3.94,us-101
2896,1118847870800,19.674,1180.738,40,0,12,5.5,2,2886,158.62,3.97,us-101
2896,1118847870900,19.668,1184.738,40,0,12,5.5,2,2886,159.62,3.99,us-101
2896,1118847871000,19.663,1188.738,40,0,12,5.5,2,2886,160.62,4.02,us-101
2896,1118847871100,19.657,1192.737,40,0,12,5.5,2,2886,161.62,4.04,us-101
2896,1118847871200,19.652,1196.737,40,0,12,5.5,2,2886,162.62,4.07,us-101
2896,1118847871300,19.647,1200.737,40,0,12,5.5,2,2886,163.62,4.09,us-101
2896,1118847871400,19.641,1204.739,39.99,-0.24,12,5.5,2,2886,164.62,4.12,us-101
2896,1118847871500,19.636,1208.735,39.98,-0.06,12,5.5,2,2886,165.62,4.14,us-101
2896,1118847871600,19.631,1212.722,40.07,1.59,12,5.5,2,2886,166.64,4.16,us-101
2896,1118847871700,19.626,1216.719,40.38,4.42,12,5.5,2,2886,167.64,4.15,us-101
2896,1118847871800,19.604,1220.759,40.96,7.33,12,5.5,2,2886,168.6,4.12,us-101
2896,1118847871900,19.597,1224.879,41.77,9.07,12,5.5,2,2886,169.48,4.06,us-101
2896,1118847872000,19.587,1229.096,42.7,9.66,12,5.5,2,2886,170.26,3.99,us-101
2896,1118847872100,19.547,1233.41,43.7,10.29,12,5.5,2,2886,170.95,3.91,us-101
2896,1118847872200,19.47,1237.833,44.71,10.03,12,5.5,2,2886,171.52,3.84,us-101
2896,1118847872300,19.413,1242.368,45.56,7.72,12,5.5,2,2886,171.99,3.78,us-101
2896,1118847872400,19.321,1246.989,46.12,3.64,12,5.5,2,2871,96.37,2.09,us-101
2896,1118847872500,19.322,1251.65,46.28,-0.81,12,5.5,2,2871,95.22,2.06,us-101
2896,1118847872600,19.399,1256.293,46.07,-3.5,12,5.5,2,2871,94.15,2.04,us-101
2896,1118847872700,19.494,1260.888,45.71,-4.18,12,5.5,2,2871,93.25,2.04,us-101
2896,1118847872800,19.57,1265.433,45.35,-3.32,12,5.5,2,2871,92.52,2.04,us-101
2896,1118847872900,19.583,1269.94,45.1,-1.57,12,5.5,2,2871,91.93,2.04,us-101
2896,1118847873000,19.568,1274.433,45,-0.29,12,5.5,2,2871,91.42,2.03,us-101
2896,1118847873100,19.567,1278.928,44.99,0.14,12,5.5,2,2871,90.95,2.02,us-101
2896,1118847873200,19.566,1283.428,45,0.07,12,5.5,2,2871,90.46,2.01,us-101
2896,1118847873300,19.565,1287.928,45,0,12,5.5,2,2871,89.95,2,us-101
2896,1118847873400,19.565,1292.428,45,0,12,5.5,2,2871,89.43,1.99,us-101
2896,1118847873500,19.565,1296.932,44.96,-0.59,12,5.5,2,2871,88.91,1.98,us-101
2896,1118847873600,19.564,1301.428,44.88,-1.11,12,5.5,2,2871,88.47,1.97,us-101
2896,1118847873700,19.563,1305.907,44.82,-0.53,12,5.5,2,2871,88.2,1.97,us-101
2896,1118847873800,19.57,1310.381,44.82,0.53,12,5.5,2,2871,88.06,1.96,us-101
2896,1118847873900,19.585,1314.86,44.88,1.11,12,5.5,2,2871,88.02,1.96,us-101
2896,1118847874000,19.6,1319.356,44.96,0.59,12,5.5,2,2871,87.97,1.96,us-101
2896,1118847874100,19.616,1323.86,45,0,12,5.5,2,2871,87.88,1.95,us-101
2896,1118847874200,19.63,1328.36,45,0,12,5.5,2,2871,87.83,1.95,us-101
2896,1118847874300,19.645,1332.86,45,0,12,5.5,2,2871,87.91,1.95,us-101
2896,1118847874400,19.66,1337.36,45,0,12,5.5,2,2871,88.12,1.96,us-101
2896,1118847874500,19.675,1341.86,45,0,12,5.5,2,2871,88.39,1.96,us-101
2896,1118847874600,19.69,1346.36,45,0,12,5.5,2,2871,88.66,1.97,us-101
2896,1118847874700,19.704,1350.86,45,0,12,5.5,2,2871,88.91,1.98,us-101
2896,1118847874800,19.72,1355.36,45,0,12,5.5,2,2871,89.16,1.98,us-101
2896,1118847874900,19.735,1359.86,45,0,12,5.5,2,2871,89.4,1.99,us-101
2896,1118847875000,19.75,1364.36,45,0,12,5.5,2,2871,89.65,1.99,us-101
2896,1118847875100,19.764,1368.86,45,0,12,5.5,2,2871,89.93,2,us-101
2896,1118847875200,19.779,1373.36,45,0,12,5.5,2,2871,90.27,2.01,us-101
2896,1118847875300,19.794,1377.862,44.98,-0.25,12,5.5,2,2871,90.68,2.02,us-101
2896,1118847875400,19.809,1382.357,44.97,-0.08,12,5.5,2,2871,91.13,2.03,us-101
2896,1118847875500,19.824,1386.841,45.1,2.05,12,5.5,2,2871,91.62,2.03,us-101
2896,1118847875600,19.839,1391.337,45.51,5.87,12,5.5,2,2871,92.12,2.02,us-101
2896,1118847875700,19.813,1395.893,46.24,9.29,12,5.5,2,2871,92.57,2,us-101
2896,1118847875800,19.831,1400.563,47.12,9.08,12,5.5,2,2871,92.9,1.97,us-101
2896,1118847875900,19.885,1405.352,47.74,4.15,12,5.5,2,2871,93.11,1.95,us-101
2896,1118847876000,19.901,1410.173,47.98,0.1,12,5.5,2,2871,93.29,1.94,us-101
2896,1118847876100,19.918,1414.974,48.09,0.53,12,5.5,2,2871,93.47,1.94,us-101
2896,1118847876200,19.933,1419.778,48.19,1.99,12,5.5,2,2871,93.66,1.94,us-101
2896,1118847876300,19.942,1424.613,48.22,0.14,12,5.5,2,2871,93.88,1.95,us-101
2896,1118847876400,19.932,1429.465,48.04,-4.29,12,5.5,2,2871,94.22,1.96,us-101
2896,1118847876500,19.936,1434.253,47.66,-4.59,12,5.5,2,2871,94.74,1.99,us-101
2896,1118847876600,19.914,1438.96,47.53,1.23,12,5.5,2,2871,95.49,2.01,us-101
2896,1118847876700,19.866,1443.676,47.95,7.61,12,5.5,2,2871,96.27,2.01,us-101
2896,1118847876800,19.849,1448.494,48.74,9.49,12,5.5,2,2871,96.93,1.99,us-101
2896,1118847876900,19.884,1453.433,49.5,6.44,12,5.5,2,2871,97.42,1.97,us-101
2896,1118847877000,20.026,1458.445,49.94,1.99,12,5.5,2,2871,97.84,1.96,us-101
2896,1118847877100,20.214,1463.468,50.05,-0.37,12,5.5,2,2871,98.27,1.96,us-101
2896,1118847877200,20.346,1468.472,50.02,-0.46,12,5.5,2,2871,98.74,1.97,us-101
2896,1118847877300,20.375,1473.47,49.99,-0.11,12,5.5,2,2871,99.21,1.98,us-101
2896,1118847877400,20.336,1478.467,49.99,0.09,12,5.5,2,2871,99.62,1.99,us-101
2896,1118847877500,20.326,1483.465,49.99,0.1,12,5.5,2,2871,99.91,2,us-101
2896,1118847877600,20.317,1488.466,50,0,12,5.5,2,2871,100.08,2,us-101
2896,1118847877700,20.306,1493.466,50,0,12,5.5,2,2871,100.12,2,us-101
2896,1118847877800,20.296,1498.466,50,0,12,5.5,2,2871,100.1,2,us-101
2896,1118847877900,20.286,1503.466,50,0,12,5.5,2,2871,100.07,2,us-101
2896,1118847878000,20.276,1508.466,50,0,12,5.5,2,2871,100.07,2,us-101
2896,1118847878100,20.267,1513.465,50.01,0.1,12,5.5,2,2871,100.13,2,us-101
2896,1118847878200,20.256,1518.466,50.02,0.2,12,5.5,2,2871,100.25,2,us-101
2896,1118847878300,20.276,1523.47,50.03,0,12,5.5,2,2871,100.41,2.01,us-101
2896,1118847878400,20.228,1528.475,50,-0.42,12,5.5,2,2871,100.53,2.01,us-101
2896,1118847878500,20.095,1533.482,49.89,-1.71,12,5.5,2,2871,100.61,2.02,us-101
2896,1118847878600,19.869,1538.462,49.72,-1.83,12,5.5,2,2871,100.72,2.03,us-101
2896,1118847878700,19.566,1543.405,49.76,1.49,12,5.5,2,2871,101.03,2.03,us-101
2896,1118847878800,19.321,1548.36,50.13,6.01,12,5.5,2,2871,101.44,2.02,us-101
2896,1118847878900,19.17,1553.385,50.78,8.24,12,5.5,2,2871,101.93,2.01,us-101
2896,1118847879000,19.116,1558.516,51.48,6.1,12,5.5,2,2871,102.31,1.99,us-101
2896,1118847879100,19.17,1563.719,51.92,2.53,12,5.5,2,2871,102.51,1.97,us-101
2896,1118847879200,19.252,1568.942,52.05,0,12,5.5,2,2871,102.61,1.97,us-101
2896,1118847879300,19.396,1574.164,51.92,-2.56,12,5.5,2,2871,102.72,1.98,us-101
2896,1118847879400,19.578,1579.359,51.54,-4.91,12,5.5,2,2871,102.85,2,us-101
2896,1118847879500,19.748,1584.496,51.02,-5.97,12,5.5,2,2871,102.99,2.02,us-101
2896,1118847879600,19.854,1589.562,50.51,-4.79,12,5.5,2,2871,103.17,2.04,us-101
2896,1118847879700,19.871,1594.573,50.15,-2.34,12,5.5,2,2871,103.44,2.06,us-101
2896,1118847879800,19.854,1599.563,50,-0.43,12,5.5,2,2871,103.82,2.08,us-101
2896,1118847879900,19.857,1604.555,49.98,0.22,12,5.5,2,2871,104.31,2.09,us-101
2896,1118847880000,19.861,1609.554,49.99,0.13,12,5.5,2,2871,104.79,2.1,us-101
2896,1118847880100,19.864,1614.555,50,0,12,5.5,2,2871,105.19,2.1,us-101
2896,1118847880200,19.866,1619.556,50,0,12,5.5,2,2871,105.55,2.11,us-101
2896,1118847880300,19.87,1624.556,50,-0.02,12,5.5,2,2871,105.93,2.12,us-101
2896,1118847880400,19.873,1629.556,50,0,12,5.5,2,2871,106.41,2.13,us-101
2896,1118847880500,19.876,1634.556,50,0,12,5.5,2,2871,106.93,2.14,us-101
2896,1118847880600,19.879,1639.536,50.17,2.79,12,5.5,2,2871,107.45,2.14,us-101
2896,1118847880700,19.882,1644.555,50.57,5.21,12,5.5,2,2871,107.93,2.13,us-101
2896,1118847880800,19.885,1649.652,50.85,2.49,12,5.5,2,2871,108.34,2.13,us-101
2896,1118847880900,19.845,1654.779,50.85,-2.52,12,5.5,2,2871,108.71,2.14,us-101
2896,1118847881000,19.767,1659.876,50.57,-5.23,12,5.5,2,2871,109.11,2.16,us-101
2896,1118847881100,19.689,1664.893,50.17,-2.79,12,5.5,2,2871,109.59,2.18,us-101
2896,1118847881200,19.612,1669.874,49.99,0,12,5.5,2,2871,110.11,2.2,us-101
2896,1118847881300,19.534,1674.873,49.99,0,12,5.5,2,2871,110.61,2.21,us-101
2896,1118847881400,19.457,1679.872,49.99,0,12,5.5,2,2871,111.11,2.22,us-101
2896,1118847881500,19.38,1684.873,49.98,-0.26,12,5.5,2,2871,111.65,2.23,us-101
2896,1118847881600,19.302,1689.868,49.97,-0.08,12,5.5,2,2871,112.21,2.25,us-101
2896,1118847881700,19.224,1694.854,50.06,1.61,12,5.5,2,2871,112.76,2.25,us-101
2896,1118847881800,19.147,1699.851,50.37,4.35,12,5.5,2,2871,113.27,2.25,us-101
2896,1118847881900,19.053,1704.891,50.92,6.93,12,5.5,2,2871,113.72,2.23,us-101
2896,1118847882000,18.973,1710.03,51.46,4.94,12,5.5,2,2871,114.08,2.22,us-101
2896,1118847882100,18.89,1715.215,51.82,2.27,12,5.5,2,2871,114.4,2.21,us-101
2896,1118847882200,18.81,1720.392,52.31,5.32,12,5.5,2,2871,114.72,2.19,us-101
2896,1118847882300,18.76,1725.625,53.06,9.9,12,5.5,2,2871,114.99,2.17,us-101
2896,1118847882400,18.802,1730.969,53.95,10.48,12,5.5,2,2871,115.14,2.13,us-101
2896,1118847882500,18.828,1736.449,54.72,4.88,12,5.5,2,2871,115.13,2.1,us-101
2896,1118847882600,18.854,1741.985,55.02,-0.06,12,5.5,2,2871,115.11,2.09,us-101
2896,1118847882700,18.88,1747.489,55.01,-0.24,12,5.5,2,2871,115.3,2.1,us-101
2896,1118847882800,18.906,1752.987,55,0,12,5.5,2,2871,115.65,2.1,us-101
2896,1118847882900,18.932,1758.487,55,0,12,5.5,2,2871,116.16,2.11,us-101
2896,1118847883000,18.958,1763.987,55,0,12,5.5,2,2871,116.87,2.12,us-101
2896,1118847883100,18.984,1769.487,55,0,12,5.5,2,2871,117.64,2.14,us-101
2896,1118847883200,19.011,1774.988,55,-0.02,12,5.5,2,2871,118.29,2.15,us-101
2896,1118847883300,19.037,1780.488,55,-0.02,12,5.5,2,2871,118.79,2.16,us-101
2896,1118847883400,19.063,1785.98,55.07,1.1,12,5.5,2,2871,119.17,2.16,us-101
2896,1118847883500,19.089,1791.487,55.23,2.08,12,5.5,2,2871,119.42,2.16,us-101
2896,1118847883600,19.115,1797.025,55.34,1.01,12,5.5,2,2871,119.52,2.16,us-101
2896,1118847883700,19.115,1802.576,55.34,-0.97,12,5.5,2,2871,119.55,2.16,us-101
2896,1118847883800,19.105,1808.115,55.23,-2.07,12,5.5,2,2871,119.61,2.17,us-101
2896,1118847883900,19.094,1813.622,55.07,-1.13,12,5.5,2,2871,119.79,2.18,us-101
2896,1118847884000,19.083,1819.115,55,-0.02,12,5.5,2,2871,120.1,2.18,us-101
2896,1118847884100,19.072,1824.614,55,0,12,5.5,2,2871,120.41,2.19,us-101
2896,1118847884200,19.062,1830.114,55,0.02,12,5.5,2,2871,120.62,2.19,us-101
2896,1118847884300,19.051,1835.614,55,0,12,5.5,2,2871,120.7,2.19,us-101
2896,1118847884400,19.04,1841.117,54.98,-0.32,12,5.5,2,2871,120.72,2.2,us-101
2896,1118847884500,19.03,1846.611,54.97,0,12,5.5,2,2871,120.68,2.2,us-101
2896,1118847884600,19.019,1852.088,55.17,3.13,12,5.5,2,2871,120.58,2.19,us-101
2896,1118847884700,19.006,1857.586,55.78,8.66,12,5.5,2,2871,120.43,2.16,us-101
2896,1118847884800,18.941,1863.202,56.88,11.2,12,5.5,2,2871,120.2,2.11,us-101
2896,1118847884900,18.987,1868.971,58.39,11.2,12,5.5,2,2871,119.89,2.05,us-101
2896,1118847885000,19.111,1874.868,59.7,11.06,12,5.5,2,2871,119.51,2,us-101
2896,1118847885100,19.265,1880.97,60.1,-1.33,12,5.5,2,2871,118.96,1.98,us-101
2896,1118847885200,19.675,1887.04,59.56,-11.2,12,5.5,2,2871,118.58,1.99,us-101
2896,1118847885300,19.929,1892.926,58.26,-11.2,12,5.5,2,2871,118.5,2.03,us-101
2896,1118847885400,20.133,1898.673,56.64,-11.2,12,5.5,2,2871,118.67,2.1,us-101
2896,1118847885500,20.26,1904.274,55.32,-11.2,12,5.5,2,2871,119.06,2.15,us-101
2896,1118847885600,20.19,1909.727,54.44,-6.73,12,5.5,2,2871,119.6,2.2,us-101
2896,1118847885700,20.251,1915.093,54.01,-0.57,12,5.5,2,2871,120.24,2.23,us-101
2896,1118847885800,20.42,1920.476,54,1.13,12,5.5,2,2871,120.86,2.24,us-101
2896,1118847885900,20.551,1925.889,54.07,0.13,12,5.5,2,2871,121.46,2.25,us-101
2896,1118847886000,20.683,1931.3,54.08,-0.2,12,5.5,2,2871,122.03,2.26,us-101
2896,1118847886100,20.814,1936.706,54.06,-0.06,12,5.5,2,2871,122.56,2.27,us-101
2896,1118847886200,20.944,1942.11,54.07,0.19,12,5.5,2,2871,123.06,2.28,us-101
2896,1118847886300,21.073,1947.513,54.14,0.98,12,5.5,2,2871,123.58,2.28,us-101
2896,1118847886400,21.225,1952.927,54.27,1.72,12,5.5,2,2871,124.15,2.29,us-101
2896,1118847886500,21.356,1958.361,54.43,1.78,12,5.5,2,2871,124.73,2.29,us-101
2896,1118847886600,21.401,1963.839,54.37,-2.11,12,5.5,2,2871,125.25,2.3,us-101
2896,1118847886700,21.353,1969.284,54,-5.42,12,5.5,2,2871,125.81,2.33,us-101
2896,1118847886800,21.206,1974.64,53.75,-2.06,12,5.5,2,2871,126.46,2.35,us-101
2896,1118847886900,21.066,1979.97,53.84,3.93,12,5.5,2,2871,127.13,2.36,us-101
2896,1118847887000,21.001,1985.347,54.26,6.84,12,5.5,2,2871,127.76,2.35,us-101
2896,1118847887100,20.935,1990.825,54.78,3.53,12,5.5,2,2871,128.28,2.34,us-101
2896,1118847887200,20.87,1996.349,55,0,12,5.5,2,2871,128.76,2.34,us-101
2896,1118847887300,20.805,2001.848,55,0,12,5.5,2,0,0,0,us-101
2896,1118847887400,20.74,2007.348,54.99,0,12,5.5,2,0,0,0,us-101
2896,1118847887500,20.676,2012.847,54.99,0,12,5.5,2,0,0,0,us-101
2896,1118847887600,20.61,2018.347,55,0,12,5.5,2,0,0,0,us-101
2896,1118847887700,20.545,2023.846,55,0,12,5.5,2,0,0,0,us-101
2896,1118847887800,20.48,2029.346,55,0,12,5.5,2,0,0,0,us-101
2896,1118847887900,20.415,2034.846,55,0,12,5.5,2,0,0,0,us-101
2896,1118847888000,20.349,2040.345,55,0,12,5.5,2,0,0,0,us-101
2896,1118847888100,20.284,2045.859,54.87,-2.05,12,5.5,2,0,0,0,us-101
2896,1118847888200,20.22,2051.345,54.57,-3.85,12,5.5,2,0,0,0,us-101
2896,1118847888300,20.154,2056.772,54.36,-1.84,12,5.5,2,0,0,0,us-101
2896,1118847888400,20.121,2062.178,54.36,1.86,12,5.5,2,0,0,0,us-101
2896,1118847888500,20.12,2067.606,54.58,3.86,12,5.5,2,0,0,0,us-101
2896,1118847888600,20.12,2073.092,54.87,2.08,12,5.5,2,0,0,0,us-101
2896,1118847888700,20.12,2078.607,55,0,12,5.5,2,0,0,0,us-101
2896,1118847888800,20.12,2084.107,55,0,12,5.5,2,0,0,0,us-101
2896,1118847888900,20.12,2089.606,55.01,0.12,12,5.5,2,0,0,0,us-101
2896,1118847889000,20.119,2095.107,55.03,0.24,12,5.5,2,0,0,0,us-101
2896,1118847889100,20.119,2100.611,55.04,0.13,12,5.5,2,0,0,0,us-101
2896,1118847889200,20.119,2106.117,55.04,-0.13,12,5.5,2,0,0,0,us-101
2896,1118847889300,20.115,2111.621,55.03,-0.24,12,5.5,2,0,0,0,us-101
2896,1118847889400,20.111,2117.121,55.03,0,12,5.5,2,0,0,0,us-101
2896,1118847889500,20.106,2122.621,55.03,0,12,5.5,2,0,0,0,us-101
2896,1118847889600,20.101,2128.122,55.03,0,12,5.5,2,0,0,0,us-101
2903,1118847810800,17.569,37.343,32.02,0,16.5,4.9,2,2896,72.68,2.27,us-101
2903,1118847810900,17.554,40.342,32.02,0,16.5,4.9,2,2896,72.44,2.26,us-101
2903,1118847811000,17.536,43.843,32.02,0,16.5,4.9,2,2896,71.57,2.24,us-101
2903,1118847811100,17.518,47.342,32.02,0,16.5,4.9,2,2896,70.54,2.2,us-101
2903,1118847811200,17.502,50.342,32.02,0,16.5,4.9,2,2896,69.94,2.18,us-101
2903,1118847811300,17.485,53.65,32.02,-1.48,16.5,4.9,2,2896,69.03,2.16,us-101
2903,1118847811400,17.469,56.843,31.89,-1.48,16.5,4.9,2,2896,68.24,2.14,us-101
2903,1118847811500,17.453,60.037,31.66,-2.94,16.5,4.9,2,2896,67.46,2.13,us-101
2903,1118847811600,17.436,63.193,31.29,-4.07,16.5,4.9,2,2896,66.72,2.13,us-101
2903,1118847811700,17.433,66.312,30.83,-5.58,16.5,4.9,2,2896,66.02,2.14,us-101
2903,1118847811800,17.405,69.361,30.37,-4.29,16.5,4.9,2,2896,65.38,2.15,us-101
2903,1118847811900,17.389,72.359,30.07,-1.63,16.5,4.9,2,2896,64.75,2.15,us-101
2903,1118847812000,17.374,75.344,29.97,0.12,16.5,4.9,2,2896,64.09,2.14,us-101
2903,1118847812100,17.358,78.34,29.98,0.24,16.5,4.9,2,2896,63.41,2.12,us-101
2903,1118847812200,17.343,81.342,30,0,16.5,4.9,2,2896,62.79,2.09,us-101
2903,1118847812300,17.328,84.359,29.84,-2.6,16.5,4.9,2,2896,62.23,2.09,us-101
2903,1118847812400,17.312,87.342,29.46,-4.86,16.5,4.9,2,2896,61.76,2.1,us-101
2903,1118847812500,17.297,90.251,29.2,-2.33,16.5,4.9,2,2896,61.37,2.1,us-101
2903,1118847812600,17.297,93.131,29.21,2.59,16.5,4.9,2,2896,60.99,2.09,us-101
2903,1118847812700,17.334,96.043,29.5,5.05,16.5,4.9,2,2896,60.58,2.05,us-101
2903,1118847812800,17.37,99.044,29.76,0.72,16.5,4.9,2,2896,60.09,2.02,us-101
2903,1118847812900,17.407,102.071,29.49,-6.18,16.5,4.9,2,2896,59.59,2.02,us-101
2903,1118847813000,17.481,105.022,28.66,-10.87,16.5,4.9,2,2896,59.03,2.06,us-101
2903,1118847813100,17.53,107.828,27.5,-11.2,16.5,4.9,2,2896,58.48,2.13,us-101
2903,1118847813200,17.548,110.522,26.34,-10.9,16.5,4.9,2,2896,57.91,2.2,us-101
2903,1118847813300,17.542,113.071,25.5,-6.2,16.5,4.9,2,2896,57.33,2.25,us-101
2903,1118847813400,17.571,115.56,25.08,-1.86,16.5,4.9,2,2896,56.82,2.27,us-101
2903,1118847813500,17.602,118.042,24.96,0.19,16.5,4.9,2,2896,56.36,2.26,us-101
2903,1118847813600,17.632,120.539,24.98,0.25,16.5,4.9,2,2896,55.86,2.24,us-101
2903,1118847813700,17.662,123.039,25.01,0.25,16.5,4.9,2,2896,55.32,2.21,us-101
2903,1118847813800,17.692,125.542,25.03,0.13,16.5,4.9,2,2896,54.62,2.18,us-101
2903,1118847813900,17.723,128.056,24.94,-1.48,16.5,4.9,2,2896,53.8,2.16,us-101
2903,1118847814000,17.754,130.56,24.64,-4.27,16.5,4.9,2,2896,52.84,2.14,us-101
2903,1118847814100,17.797,133.022,24.1,-6.98,16.5,4.9,2,2896,51.87,2.15,us-101
2903,1118847814200,17.825,135.408,23.34,-8.37,16.5,4.9,2,2896,50.97,2.18,us-101
2903,1118847814300,17.855,137.701,22.5,-8.57,16.5,4.9,2,2896,50.17,2.23,us-101
2903,1118847814400,17.881,139.907,21.66,-8.37,16.5,4.9,2,2896,49.46,2.28,us-101
2903,1118847814500,17.906,142.022,20.9,-6.98,16.5,4.9,2,2896,48.85,2.34,us-101
2903,1118847814600,17.918,144.059,20.35,-4.27,16.5,4.9,2,2896,48.31,2.37,us-101
2903,1118847814700,17.941,146.054,20.06,-1.48,16.5,4.9,2,2896,47.84,2.38,us-101
2903,1118847814800,17.966,148.039,19.98,0.4,16.5,4.9,2,2896,47.36,2.37,us-101
2903,1118847814900,17.991,150.038,20.02,0.45,16.5,4.9,2,2896,46.81,2.34,us-101
2903,1118847815000,18.015,152.057,19.92,-1.87,16.5,4.9,2,2896,46.1,2.31,us-101
2903,1118847815100,18.04,154.068,19.49,-6.2,16.5,4.9,2,2896,45.28,2.32,us-101
2903,1118847815200,18.101,156.018,18.66,-10.88,16.5,4.9,2,2896,44.38,2.38,us-101
2903,1118847815300,18.139,157.825,17.5,-11.2,16.5,4.9,2,2896,43.56,2.49,us-101
2903,1118847815400,18.144,159.518,16.34,-10.88,16.5,4.9,2,2896,42.85,2.62,us-101
2903,1118847815500,18.124,161.067,15.5,-6.19,16.5,4.9,2,2896,42.3,2.73,us-101
2903,1118847815600,18.142,162.557,15.08,-1.87,16.5,4.9,2,2896,41.81,2.77,us-101
2903,1118847815700,18.161,164.054,14.83,-2.06,16.5,4.9,2,2896,41.31,2.79,us-101
2903,1118847815800,18.18,165.535,14.53,-3.8,16.5,4.9,2,2896,40.81,2.81,us-101
2903,1118847815900,18.197,166.96,14.33,-1.86,16.5,4.9,2,2896,40.37,2.82,us-101
2903,1118847816000,18.259,168.361,14.33,1.98,16.5,4.9,2,2896,40.13,2.8,us-101
2903,1118847816100,18.253,169.786,14.55,3.95,16.5,4.9,2,2896,40.02,2.75,us-101
2903,1118847816200,18.158,171.271,14.85,2.04,16.5,4.9,2,2896,40.01,2.69,us-101
2903,1118847816300,17.999,172.781,15.01,0.44,16.5,4.9,2,2896,40.17,2.68,us-101
2903,1118847816400,17.904,174.284,15.04,0.43,16.5,4.9,2,2896,40.14,2.67,us-101
2903,1118847816500,17.897,175.805,14.94,-1.86,16.5,4.9,2,2896,39.94,2.67,us-101
2903,1118847816600,17.968,177.318,14.51,-6.36,16.5,4.9,2,2896,39.57,2.73,us-101
2903,1118847816700,18.044,178.77,13.65,-11.2,16.5,4.9,2,2896,39.1,2.86,us-101
2903,1118847816800,18.093,180.071,12.46,-11.2,16.5,4.9,2,2896,38.82,3.12,us-101
2903,1118847816900,18.109,181.25,11.41,-9.24,16.5,4.9,2,2896,38.84,3.4,us-101
2903,1118847817000,18.098,182.296,10.89,-1.66,16.5,4.9,2,2896,39.13,3.59,us-101
2903,1118847817100,18.112,183.339,10.93,3.78,16.5,4.9,2,2896,39.56,3.62,us-101
2903,1118847817200,18.154,184.453,11.18,2.73,16.5,4.9,2,2896,40.06,3.58,us-101
2903,1118847817300,18.186,185.618,11.19,-2.57,16.5,4.9,2,2896,40.65,3.63,us-101
2903,1118847817400,18.231,186.743,10.87,-4.98,16.5,4.9,2,2896,41.39,3.81,us-101
2903,1118847817500,18.256,187.788,10.57,-1.94,16.5,4.9,2,2896,42.27,4,us-101
2903,1118847817600,18.289,188.804,10.6,2.85,16.5,4.9,2,2896,43.1,4.07,us-101
2903,1118847817700,18.255,189.856,10.99,5.69,16.5,4.9,2,2896,43.75,3.98,us-101
2903,1118847817800,18.172,190.985,11.54,5.43,16.5,4.9,2,2896,44.28,3.84,us-101
2903,1118847817900,18.034,192.178,11.97,3.53,16.5,4.9,2,2896,44.85,3.75,us-101
2903,1118847818000,17.819,193.406,12.23,1.58,16.5,4.9,2,2896,45.53,3.72,us-101
2903,1118847818100,17.624,194.647,12.33,0.17,16.5,4.9,2,2896,46.23,3.75,us-101
2903,1118847818200,17.429,195.884,12.34,-0.15,16.5,4.9,2,2896,46.87,3.8,us-101
2903,1118847818300,17.235,197.115,12.34,0.09,16.5,4.9,2,2896,47.47,3.85,us-101
2903,1118847818400,17.039,198.352,12.32,-0.32,16.5,4.9,2,2896,48.05,3.9,us-101
2903,1118847818500,16.844,199.585,12.26,-0.76,16.5,4.9,2,2896,48.7,3.97,us-101
2903,1118847818600,16.643,200.795,12.31,1.09,16.5,4.9,2,2896,49.44,4.02,us-101
2903,1118847818700,16.44,202.005,12.67,5.44,16.5,4.9,2,2896,50.24,3.97,us-101
2903,1118847818800,16.303,203.266,13.43,10.26,16.5,4.9,2,2896,50.99,3.8,us-101
2903,1118847818900,16.227,204.656,14.51,11.2,16.5,4.9,2,2896,51.59,3.56,us-101
2903,1118847819000,16.211,206.172,15.56,9.57,16.5,4.9,2,2896,52.07,3.35,us-101
2903,1118847819100,16.263,207.796,16.36,6.41,16.5,4.9,2,2896,52.44,3.21,us-101
2903,1118847819200,16.313,209.473,17.01,5.56,16.5,4.9,2,2896,52.75,3.1,us-101
2903,1118847819300,16.342,211.195,17.64,6.84,16.5,4.9,2,2896,53.02,3.01,us-101
2903,1118847819400,16.391,212.992,18.27,6.73,16.5,4.9,2,2896,53.25,2.91,us-101
2903,1118847819500,16.454,214.878,18.71,2.67,16.5,4.9,2,2896,53.44,2.86,us-101
2903,1118847819600,16.506,216.79,18.79,-1.51,16.5,4.9,2,2896,53.67,2.86,us-101
2903,1118847819700,16.555,218.663,18.71,-1.39,16.5,4.9,2,2896,53.99,2.89,us-101
2903,1118847819800,16.602,220.503,18.78,2.53,16.5,4.9,2,2896,54.37,2.9,us-101
2903,1118847819900,16.639,222.372,19.14,5.55,16.5,4.9,2,2896,54.74,2.86,us-101
2903,1118847820000,16.702,224.318,19.61,4.54,16.5,4.9,2,2896,55.02,2.81,us-101
2903,1118847820100,16.756,226.321,19.92,1.63,16.5,4.9,2,2896,55.25,2.77,us-101
2903,1118847820200,16.808,228.372,19.68,-5.65,16.5,4.9,2,2896,55.39,2.81,us-101
2903,1118847820300,16.861,230.341,18.86,-10.84,16.5,4.9,2,2896,55.56,2.95,us-101
2903,1118847820400,16.914,232.144,18.24,-5.46,16.5,4.9,2,2896,55.88,3.06,us-101
2903,1118847820500,16.978,233.882,18.21,4.64,16.5,4.9,2,2896,56.28,3.09,us-101
2903,1118847820600,17.109,235.675,18.76,10.44,16.5,4.9,2,2896,56.68,3.02,us-101
2903,1118847820700,17.24,237.627,19.57,5.89,16.5,4.9,2,2896,56.96,2.91,us-101
2903,1118847820800,17.37,239.659,19.94,0.22,16.5,4.9,2,2896,57.17,2.87,us-101
2903,1118847820900,17.5,241.656,19.96,0,16.5,4.9,2,2896,57.38,2.87,us-101
2903,1118847821000,17.631,243.651,19.96,0.02,16.5,4.9,2,2896,57.53,2.88,us-101
2903,1118847821100,17.761,245.647,19.96,0,16.5,4.9,2,2896,57.61,2.89,us-101
2903,1118847821200,17.892,247.643,19.96,0,16.5,4.9,2,2896,57.63,2.89,us-101
2903,1118847821300,18.023,249.639,19.96,0,16.5,4.9,2,2896,57.62,2.89,us-101
2903,1118847821400,18.154,251.634,19.96,0,16.5,4.9,2,2896,57.62,2.89,us-101
2903,1118847821500,18.284,253.63,19.96,0,16.5,4.9,2,2896,57.62,2.89,us-101
2903,1118847821600,18.414,255.626,19.96,0,16.5,4.9,2,2896,57.63,2.89,us-101
2903,1118847821700,18.545,257.622,19.96,0,16.5,4.9,2,2896,57.63,2.89,us-101
2903,1118847821800,18.675,259.617,19.96,0,16.5,4.9,2,2896,57.64,2.89,us-101
2903,1118847821900,18.806,261.613,19.96,0,16.5,4.9,2,2896,57.64,2.89,us-101
2903,1118847822000,18.937,263.609,19.96,0,16.5,4.9,2,2896,57.65,2.89,us-101
2903,1118847822100,19.067,265.605,19.95,-0.04,16.5,4.9,2,2896,57.67,2.89,us-101
2903,1118847822200,19.198,267.6,19.95,-0.06,16.5,4.9,2,2896,57.68,2.89,us-101
2903,1118847822300,19.329,269.592,19.97,0.34,16.5,4.9,2,2896,57.64,2.89,us-101
2903,1118847822400,19.468,271.585,20.05,1.21,16.5,4.9,2,2896,57.45,2.87,us-101
2903,1118847822500,19.596,273.59,20.21,2.15,16.5,4.9,2,2896,57.12,2.83,us-101
2903,1118847822600,19.671,275.619,20.44,2.58,16.5,4.9,2,2896,56.65,2.77,us-101
2903,1118847822700,19.708,277.679,20.67,2.13,16.5,4.9,2,2896,56.13,2.72,us-101
2903,1118847822800,19.691,279.763,20.84,1.2,16.5,4.9,2,2896,55.64,2.67,us-101
2903,1118847822900,19.664,281.857,20.93,0.47,16.5,4.9,2,2896,55.21,2.64,us-101
2903,1118847823000,19.645,283.956,20.96,0.06,16.5,4.9,2,2896,54.8,2.61,us-101
2903,1118847823100,19.626,286.057,20.91,-0.79,16.5,4.9,2,2896,54.37,2.6,us-101
2903,1118847823200,19.642,288.153,20.75,-2.24,16.5,4.9,2,2896,53.92,2.6,us-101
2903,1118847823300,19.591,290.222,20.52,-2.87,16.5,4.9,2,2896,53.49,2.61,us-101
2903,1118847823400,19.398,292.25,20.33,-1.37,16.5,4.9,2,2896,53.15,2.61,us-101
2903,1118847823500,19.151,294.258,20.33,1.39,16.5,4.9,2,2896,52.96,2.6,us-101
2903,1118847823600,18.957,296.287,20.52,2.93,16.5,4.9,2,2896,52.8,2.57,us-101
2903,1118847823700,18.905,298.355,20.77,2.5,16.5,4.9,2,2896,52.56,2.53,us-101
2903,1118847823800,18.921,300.459,20.91,0.39,16.5,4.9,2,2896,52.26,2.5,us-101
2903,1118847823900,18.901,302.575,20.77,-3,16.5,4.9,2,2896,51.97,2.5,us-101
2903,1118847824000,18.891,304.659,20.31,-6.32,16.5,4.9,2,2896,51.82,2.55,us-101
2903,1118847824100,18.903,306.669,19.64,-7.79,16.5,4.9,2,2896,51.79,2.64,us-101
2903,1118847824200,18.865,308.584,18.98,-6,16.5,4.9,2,2896,51.86,2.73,us-101
2903,1118847824300,18.856,310.431,18.53,-2.88,16.5,4.9,2,2896,51.96,2.8,us-101
2903,1118847824400,18.852,312.261,18.26,-1.84,16.5,4.9,2,2896,51.95,2.85,us-101
2903,1118847824500,18.847,314.081,18.02,-2.61,16.5,4.9,2,2896,51.83,2.88,us-101
2903,1118847824600,18.843,315.872,17.78,-2.81,16.5,4.9,2,2896,51.58,2.9,us-101
2903,1118847824700,18.839,317.629,17.58,-1.51,16.5,4.9,2,2896,51.27,2.92,us-101
2903,1118847824800,18.835,319.368,17.48,0,16.5,4.9,2,2896,50.97,2.92,us-101
2903,1118847824900,18.831,321.112,17.5,0.5,16.5,4.9,2,2896,50.72,2.9,us-101
2903,1118847825000,18.827,322.869,17.52,-0.05,16.5,4.9,2,2896,50.47,2.88,us-101
2903,1118847825100,18.822,324.63,17.42,-1.54,16.5,4.9,2,2896,50.21,2.88,us-101
2903,1118847825200,18.819,326.373,17.21,-2.86,16.5,4.9,2,2896,49.97,2.9,us-101
2903,1118847825300,18.815,328.08,16.97,-2.63,16.5,4.9,2,2896,49.76,2.93,us-101
2903,1118847825400,18.811,329.757,16.76,-1.42,16.5,4.9,2,2896,49.58,2.96,us-101
2903,1118847825500,18.807,331.426,16.58,-1.65,16.5,4.9,2,2896,49.41,2.98,us-101
2903,1118847825600,18.803,333.09,16.28,-4.04,16.5,4.9,2,2896,49.25,3.03,us-101
2903,1118847825700,18.814,334.709,15.83,-5.52,16.5,4.9,2,2896,49.13,3.1,us-101
2903,1118847825800,18.795,336.257,15.37,-4.25,16.5,4.9,2,2896,49.08,3.19,us-101
2903,1118847825900,18.792,337.757,15.07,-1.66,16.5,4.9,2,2896,49.08,3.26,us-101
2903,1118847826000,18.789,339.243,14.97,0.09,16.5,4.9,2,2896,49.1,3.28,us-101
2903,1118847826100,18.785,340.739,14.98,0.24,16.5,4.9,2,2896,49.09,3.28,us-101
2903,1118847826200,18.781,342.24,15,0,16.5,4.9,2,2896,49.07,3.27,us-101
2903,1118847826300,18.778,343.74,15,0,16.5,4.9,2,2896,49.09,3.27,us-101
2903,1118847826400,18.774,345.24,15,0,16.5,4.9,2,2896,49.19,3.28,us-101
2903,1118847826500,18.771,346.743,14.97,-0.45,16.5,4.9,2,2896,49.41,3.3,us-101
2903,1118847826600,18.767,348.263,14.69,-4.27,16.5,4.9,2,2896,49.71,3.38,us-101
2903,1118847826700,18.764,349.725,14.16,-6.81,16.5,4.9,2,2896,50.12,3.54,us-101
2903,1118847826800,18.756,351.085,13.81,-2.67,16.5,4.9,2,2896,50.64,3.67,us-101
2903,1118847826900,18.788,352.413,13.85,3.91,16.5,4.9,2,2896,51.18,3.69,us-101
2903,1118847827000,18.821,353.79,14.27,6.87,16.5,4.9,2,2896,51.66,3.62,us-101
2903,1118847827100,18.853,355.272,14.78,3.3,16.5,4.9,2,2896,52.05,3.52,us-101
2903,1118847827200,18.885,356.796,14.96,-0.47,16.5,4.9,2,2896,52.42,3.5,us-101
2903,1118847827300,18.91,358.284,14.96,0.23,16.5,4.9,2,2896,52.75,3.53,us-101
2903,1118847827400,18.948,359.766,15.14,2.77,16.5,4.9,2,2896,52.93,3.5,us-101
2903,1118847827500,19.013,361.273,15.57,5.95,16.5,4.9,2,2896,52.92,3.4,us-101
2903,1118847827600,19.065,362.846,16.22,7.67,16.5,4.9,2,2896,52.7,3.25,us-101
2903,1118847827700,19.138,364.512,16.91,6.52,16.5,4.9,2,2896,52.24,3.09,us-101
2903,1118847827800,19.204,366.254,17.41,3.71,16.5,4.9,2,2896,51.56,2.96,us-101
2903,1118847827900,19.236,368.031,17.67,1.24,16.5,4.9,2,2896,50.81,2.88,us-101
2903,1118847828000,19.274,369.814,17.75,-0.06,16.5,4.9,2,2896,50.03,2.82,us-101
2903,1118847828100,19.312,371.589,17.74,-0.17,16.5,4.9,2,2896,49.24,2.78,us-101
2903,1118847828200,19.35,373.358,17.75,0.38,16.5,4.9,2,2896,48.47,2.73,us-101
2903,1118847828300,19.388,375.144,17.71,-0.84,16.5,4.9,2,2896,47.69,2.69,us-101
2903,1118847828400,19.426,376.942,17.31,-5.98,16.5,4.9,2,2896,46.89,2.71,us-101
2903,1118847828500,19.495,378.667,16.35,-11.2,16.5,4.9,2,2896,46.16,2.82,us-101
2903,1118847828600,19.54,380.212,14.8,-11.2,16.5,4.9,2,2896,45.62,3.08,us-101
2903,1118847828700,19.547,381.596,12.9,-11.2,16.5,4.9,2,2896,45.23,3.51,us-101
2903,1118847828800,19.541,382.815,11.25,-11.2,16.5,4.9,2,2896,45.01,4,us-101
2903,1118847828900,19.463,383.853,10.25,-6.23,16.5,4.9,2,2896,44.98,4.39,us-101
2903,1118847829000,19.476,384.802,9.87,0.06,16.5,4.9,2,2896,45.03,4.56,us-101
2903,1118847829100,19.505,385.774,9.9,1.53,16.5,4.9,2,2896,45.05,4.55,us-101
2903,1118847829200,19.527,386.782,10.01,0.24,16.5,4.9,2,2896,45.04,4.5,us-101
2903,1118847829300,19.548,387.789,10.01,-0.36,16.5,4.9,2,2896,45.04,4.5,us-101
2903,1118847829400,19.569,388.787,9.96,-0.4,16.5,4.9,2,2896,45.06,4.52,us-101
2903,1118847829500,19.584,389.775,9.99,0.58,16.5,4.9,2,2896,45.08,4.51,us-101
2903,1118847829600,19.615,390.76,10.22,3.44,16.5,4.9,2,2896,45.04,4.41,us-101
2903,1118847829700,19.657,391.776,10.72,6.77,16.5,4.9,2,2896,44.83,4.18,us-101
2903,1118847829800,19.678,392.868,11.45,8.5,16.5,4.9,2,2896,44.43,3.88,us-101
2903,1118847829900,19.714,394.062,12.22,7.35,16.5,4.9,2,2896,43.79,3.58,us-101
2903,1118847830000,19.738,395.341,12.8,4.4,16.5,4.9,2,2896,43,3.36,us-101
2903,1118847830100,19.712,396.661,13.11,1.59,16.5,4.9,2,2896,42.17,3.22,us-101
2903,1118847830200,19.695,397.992,13.21,0,16.5,4.9,2,2896,41.33,3.13,us-101
2903,1118847830300,19.678,399.315,13.2,-0.19,16.5,4.9,2,2896,40.51,3.07,us-101
2903,1118847830400,19.661,400.63,13.21,0.36,16.5,4.9,2,2896,39.7,3,us-101
2903,1118847830500,19.644,401.956,13.22,0,16.5,4.9,2,2896,38.87,2.94,us-101
2903,1118847830600,19.627,403.297,13.04,-2.9,16.5,4.9,2,2896,38.03,2.92,us-101
2903,1118847830700,19.617,404.616,12.5,-7.64,16.5,4.9,2,2896,37.21,2.98,us-101
2903,1118847830800,19.64,405.853,11.59,-11.2,16.5,4.9,2,2896,36.47,3.15,us-101
2903,1118847830900,19.598,406.953,10.55,-10.45,16.5,4.9,2,2896,35.87,3.4,us-101
2903,1118847831000,19.516,407.92,9.81,-4.85,16.5,4.9,2,2896,35.41,3.61,us-101
2903,1118847831100,19.495,408.84,9.59,0.71,16.5,4.9,2,2896,34.99,3.65,us-101
2903,1118847831200,19.513,409.785,9.71,2.83,16.5,4.9,2,2896,34.54,3.56,us-101
2903,1118847831300,19.541,410.774,9.93,1.87,16.5,4.9,2,2896,34.05,3.43,us-101
2903,1118847831400,19.562,411.791,10.05,0.09,16.5,4.9,2,2896,33.55,3.34,us-101
2903,1118847831500,19.584,412.811,9.92,-2.19,16.5,4.9,2,2896,33.04,3.33,us-101
2903,1118847831600,19.606,413.818,9.48,-6.22,16.5,4.9,2,2896,32.48,3.43,us-101
2903,1118847831700,19.666,414.765,8.64,-10.78,16.5,4.9,2,2896,31.84,3.69,us-101
2903,1118847831800,19.705,415.573,7.5,-11.2,16.5,4.9,2,2896,31.23,4.16,us-101
2903,1118847831900,19.698,416.265,6.35,-10.78,16.5,4.9,2,2896,30.59,4.82,us-101
2903,1118847832000,19.67,416.817,5.52,-6.22,16.5,4.9,2,2896,30.05,5.44,us-101
2903,1118847832100,19.68,417.309,5.09,-1.96,16.5,4.9,2,2896,29.55,5.81,us-101
2903,1118847832200,19.691,417.792,4.97,0.13,16.5,4.9,2,2896,29.07,5.85,us-101
2903,1118847832300,19.701,418.288,4.99,0.25,16.5,4.9,2,2896,28.58,5.73,us-101
2903,1118847832400,19.712,418.79,5,0,16.5,4.9,2,2896,28.07,5.61,us-101
2903,1118847832500,19.723,419.29,5,0,16.5,4.9,2,2896,27.57,5.51,us-101
2903,1118847832600,19.733,419.79,5,0,16.5,4.9,2,2896,27.07,5.41,us-101
2903,1118847832700,19.744,420.289,5,0,16.5,4.9,2,2896,26.57,5.31,us-101
2903,1118847832800,19.755,420.789,5,0,16.5,4.9,2,2896,26.07,5.21,us-101
2903,1118847832900,19.765,421.289,5,0,16.5,4.9,2,2896,25.57,5.11,us-101
2903,1118847833000,19.776,421.789,5,0,16.5,4.9,2,2896,25.07,5.01,us-101
2903,1118847833100,19.786,422.289,5,0,16.5,4.9,2,2896,24.57,4.91,us-101
2903,1118847833200,19.798,422.789,5,0,16.5,4.9,2,2896,24.07,4.81,us-101
2903,1118847833300,19.808,423.288,5,0,16.5,4.9,2,2896,23.58,4.72,us-101
2903,1118847833400,19.819,423.788,5,0,16.5,4.9,2,2896,23.08,4.62,us-101
2903,1118847833500,19.83,424.288,5,0,16.5,4.9,2,2896,22.58,4.52,us-101
2903,1118847833600,19.84,424.787,5.02,0.24,16.5,4.9,2,2896,22.08,4.4,us-101
2903,1118847833700,19.851,425.291,5.03,0.08,16.5,4.9,2,2896,21.57,4.29,us-101
2903,1118847833800,19.862,425.804,4.93,-1.55,16.5,4.9,2,2896,21.06,4.27,us-101
2903,1118847833900,19.873,426.307,4.63,-4.29,16.5,4.9,2,2896,20.56,4.44,us-101
2903,1118847834000,19.898,426.767,4.09,-6.94,16.5,4.9,2,2896,20.1,4.91,us-101
2903,1118847834100,19.907,427.152,3.33,-8.3,16.5,4.9,2,2896,19.71,5.92,us-101
2903,1118847834200,19.915,427.445,2.5,-8.51,16.5,4.9,2,2896,19.42,7.77,us-101
2903,1118847834300,19.917,427.65,1.68,-8.06,16.5,4.9,2,2896,19.21,11.44,us-101
2903,1118847834400,19.919,427.767,0.96,-6.47,16.5,4.9,2,2896,19.1,19.89,us-101
2903,1118847834500,19.904,427.815,0.44,-4.06,16.5,4.9,2,2896,19.05,43.29,us-101
2903,1118847834600,19.904,427.823,0.14,-1.77,16.5,4.9,2,2896,19.04,136,us-101
2903,1118847834700,19.904,427.823,0,0,16.5,4.9,2,2896,19.04,9999.99,us-101
2903,1118847834800,19.904,427.823,0,0,16.5,4.9,2,2896,19.04,9999.99,us-101
2903,1118847834900,19.904,427.823,0,0,16.5,4.9,2,2896,19.04,9999.99,us-101
2903,1118847835000,19.904,427.823,0,0,16.5,4.9,2,2896,19.04,9999.99,us-101
2903,1118847835100,19.904,427.823,0,0,16.5,4.9,2,2896,19.04,9999.99,us-101
2903,1118847835200,19.904,427.823,0,0,16.5,4.9,2,2896,19.04,9999.99,us-101
2903,1118847835300,19.904,427.823,0,0,16.5,4.9,2,2896,19.04,9999.99,us-101
2903,1118847835400,19.904,427.823,0,0,16.5,4.9,2,2896,19.04,9999.99,us-101
2903,1118847835500,19.904,427.823,0,0,16.5,4.9,2,2896,19.04,9999.99,us-101
2903,1118847835600,19.904,427.823,0,0,16.5,4.9,2,2896,19.04,9999.99,us-101
2903,1118847835700,19.904,427.823,0,0,16.5,4.9,2,2896,19.04,9999.99,us-101
2903,1118847835800,19.904,427.823,0,0,16.5,4.9,2,2896,19.04,9999.99,us-101
2903,1118847835900,19.904,427.823,0,0,16.5,4.9,2,2896,19.04,9999.99,us-101
2903,1118847836000,19.904,427.823,0,0,16.5,4.9,2,2896,19.04,9999.99,us-101
2903,1118847836100,19.904,427.823,0,0,16.5,4.9,2,2896,19.04,9999.99,us-101
2903,1118847836200,19.904,427.823,0,0,16.5,4.9,2,2896,19.04,9999.99,us-101
2903,1118847836300,19.904,427.823,0,0,16.5,4.9,2,2896,19.04,9999.99,us-101
2903,1118847836400,19.904,427.823,0,0,16.5,4.9,2,2896,19.04,9999.99,us-101
2903,1118847836500,19.904,427.823,0,0,16.5,4.9,2,2896,19.04,9999.99,us-101
2903,1118847836600,19.904,427.823,0,0,16.5,4.9,2,2896,19.04,9999.99,us-101
2903,1118847836700,19.904,427.823,0,0,16.5,4.9,2,2896,19.04,9999.99,us-101
2903,1118847836800,19.904,427.823,0,0,16.5,4.9,2,2896,19.04,9999.99,us-101
2903,1118847836900,19.904,427.823,0,0,16.5,4.9,2,2896,19.04,9999.99,us-101
2903,1118847837000,19.904,427.823,0,0,16.5,4.9,2,2896,19.04,9999.99,us-101
2903,1118847837100,19.904,427.823,0,0,16.5,4.9,2,2896,19.04,9999.99,us-101
2903,1118847837200,19.904,427.823,0,0,16.5,4.9,2,2896,19.04,9999.99,us-101
2903,1118847837300,19.904,427.823,0,0,16.5,4.9,2,2896,19.04,9999.99,us-101
2903,1118847837400,19.904,427.823,0,0,16.5,4.9,2,2896,19.04,9999.99,us-101
2903,1118847837500,19.904,427.823,0,0,16.5,4.9,2,2896,19.04,9999.99,us-101
2903,1118847837600,19.904,427.823,0,0,16.5,4.9,2,2896,19.04,9999.99,us-101
2903,1118847837700,19.904,427.823,0,0,16.5,4.9,2,2896,19.04,9999.99,us-101
2903,1118847837800,19.904,427.823,0,0,16.5,4.9,2,2896,19.04,9999.99,us-101
2903,1118847837900,19.904,427.823,0,0,16.5,4.9,2,2896,19.04,9999.99,us-101
2903,1118847838000,19.904,427.823,0,0,16.5,4.9,2,2896,19.04,9999.99,us-101
2903,1118847838100,19.904,427.823,0,0,16.5,4.9,2,2896,19.04,9999.99,us-101
2903,1118847838200,19.904,427.823,0,0,16.5,4.9,2,2896,19.04,9999.99,us-101
2903,1118847838300,19.904,427.823,0,0,16.5,4.9,2,2896,19.04,9999.99,us-101
2903,1118847838400,19.904,427.823,0,0,16.5,4.9,2,2896,19.04,9999.99,us-101
2903,1118847838500,19.904,427.823,0,0,16.5,4.9,2,2896,19.04,9999.99,us-101
2903,1118847838600,19.904,427.823,0,0,16.5,4.9,2,2896,19.04,9999.99,us-101
2903,1118847838700,19.904,427.823,0,0,16.5,4.9,2,2896,19.04,9999.99,us-101
2903,1118847838800,19.904,427.823,0,0,16.5,4.9,2,2896,19.04,9999.99,us-101
2903,1118847838900,19.904,427.823,0,0,16.5,4.9,2,2896,19.04,9999.99,us-101
2903,1118847839000,19.904,427.823,0,0,16.5,4.9,2,2896,19.04,9999.99,us-101
2903,1118847839100,19.904,427.823,0,0,16.5,4.9,2,2896,19.05,9999.99,us-101
2903,1118847839200,19.904,427.823,0,0,16.5,4.9,2,2896,19.3,9999.99,us-101
2903,1118847839300,19.904,427.823,0,0,16.5,4.9,2,2896,19.75,9999.99,us-101
2903,1118847839400,19.904,427.823,0,0,16.5,4.9,2,2896,20.43,9999.99,us-101
2903,1118847839500,19.904,427.823,0,0,16.5,4.9,2,2896,21.31,9999.99,us-101
2903,1118847839600,19.904,427.823,0,0,16.5,4.9,2,2896,22.45,9999.99,us-101
2903,1118847839700,19.904,427.823,0,0,16.5,4.9,2,2896,23.53,9999.99,us-101
2903,1118847839800,19.904,427.823,0,0,16.5,4.9,2,2896,24.37,9999.99,us-101
2903,1118847839900,19.904,427.823,0,0,16.5,4.9,2,2896,24.99,9999.99,us-101
2903,1118847840000,19.904,427.823,0,0,16.5,4.9,2,2896,25.39,9999.99,us-101
2903,1118847840100,19.904,427.823,0,0,16.5,4.9,2,2896,25.6,9999.99,us-101
2903,1118847840200,19.904,427.823,0,0,16.5,4.9,2,2896,25.6,9999.99,us-101
2903,1118847840300,19.904,427.823,0,0,16.5,4.9,2,2896,25.6,9999.99,us-101
2903,1118847840400,19.904,427.823,0,0,16.5,4.9,2,2896,25.6,9999.99,us-101
2903,1118847840500,19.904,427.823,0,0,16.5,4.9,2,2896,25.6,9999.99,us-101
2903,1118847840600,19.904,427.823,0,0,16.5,4.9,2,2896,25.6,9999.99,us-101
2903,1118847840700,19.904,427.823,0,0,16.5,4.9,2,2896,25.6,9999.99,us-101
2903,1118847840800,19.904,427.823,0,0,16.5,4.9,2,2896,25.6,9999.99,us-101
2903,1118847840900,19.904,427.823,0,0,16.5,4.9,2,2896,25.6,9999.99,us-101
2903,1118847841000,19.904,427.823,0,0,16.5,4.9,2,2896,25.6,9999.99,us-101
2903,1118847841100,19.898,427.823,0,0,16.5,4.9,2,2896,25.6,9999.99,us-101
2903,1118847841200,19.909,427.823,0,0,16.5,4.9,2,2896,25.6,9999.99,us-101
2903,1118847841300,19.924,427.823,0,0,16.5,4.9,2,2896,25.6,9999.99,us-101
2903,1118847841400,19.908,427.894,1.34,8.45,16.5,4.9,2,2896,25.69,19.17,us-101
2903,1118847841500,19.894,428.071,2.13,8.03,16.5,4.9,2,2896,25.79,12.11,us-101
2903,1118847841600,19.856,428.345,2.76,4.89,16.5,4.9,2,2896,25.96,9.41,us-101
2903,1118847841700,19.761,428.667,3.11,1.71,16.5,4.9,2,2896,26.15,8.41,us-101
2903,1118847841800,19.677,428.999,3.22,0.06,16.5,4.9,2,2896,26.33,8.18,us-101
2903,1118847841900,19.594,429.324,3.21,-0.2,16.5,4.9,2,2896,26.51,8.26,us-101
2903,1118847842000,19.509,429.64,3.22,0.32,16.5,4.9,2,2896,26.69,8.29,us-101
2903,1118847842100,19.425,429.967,3.23,-0.07,16.5,4.9,2,2896,26.86,8.32,us-101
2903,1118847842200,19.341,430.308,3.04,-3.01,16.5,4.9,2,2896,27,8.88,us-101
2903,1118847842300,19.264,430.625,2.5,-7.49,16.5,4.9,2,2896,27.18,10.87,us-101
2903,1118847842400,19.224,430.85,1.74,-8.99,16.5,4.9,2,2896,27.51,15.81,us-101
2903,1118847842500,19.106,430.949,1.16,-3.96,16.5,4.9,2,2896,28.1,24.22,us-101
2903,1118847842600,18.999,430.984,1.24,5.37,16.5,4.9,2,2896,28.87,23.28,us-101
2903,1118847842700,18.938,431.101,2.09,11.2,16.5,4.9,2,2896,29.7,14.21,us-101
2903,1118847842800,18.923,431.371,3.3,11.2,16.5,4.9,2,2896,30.44,9.22,us-101
2903,1118847842900,18.99,431.775,4.31,8.06,16.5,4.9,2,2896,31.06,7.21,us-101
2903,1118847843000,19.001,432.284,4.87,2.55,16.5,4.9,2,2896,31.55,6.48,us-101
2903,1118847843100,19.012,432.805,5.03,-0.14,16.5,4.9,2,2896,32.01,6.36,us-101
2903,1118847843200,19.022,433.309,5.01,-0.25,16.5,4.9,2,2896,32.5,6.49,us-101
2903,1118847843300,19.033,433.807,5,0,16.5,4.9,2,2896,33.04,6.61,us-101
2903,1118847843400,19.044,434.307,5,0,16.5,4.9,2,2896,33.66,6.73,us-101
2903,1118847843500,19.055,434.807,5,0,16.5,4.9,2,2896,34.37,6.87,us-101
2903,1118847843600,19.065,435.307,5,0,16.5,4.9,2,2896,35.16,7.03,us-101
2903,1118847843700,19.076,435.809,4.98,-0.25,16.5,4.9,2,2896,36.04,7.24,us-101
2903,1118847843800,19.087,436.305,4.97,-0.12,16.5,4.9,2,2896,37.01,7.45,us-101
2903,1118847843900,19.097,436.787,5.09,1.96,16.5,4.9,2,2896,38.03,7.47,us-101
2903,1118847844000,19.107,437.279,5.52,6.23,16.5,4.9,2,2896,39.05,7.07,us-101
2903,1118847844100,19.079,437.831,6.35,10.79,16.5,4.9,2,2896,39.98,6.3,us-101
2903,1118847844200,19.072,438.523,7.5,11.2,16.5,4.9,2,2896,40.74,5.43,us-101
2903,1118847844300,19.111,439.331,8.64,10.79,16.5,4.9,2,2896,41.35,4.79,us-101
2903,1118847844400,19.172,440.278,9.48,6.23,16.5,4.9,2,2896,41.82,4.41,us-101
2903,1118847844500,19.194,441.286,9.91,1.96,16.5,4.9,2,2896,42.22,4.26,us-101
2903,1118847844600,19.215,442.303,10.03,-0.13,16.5,4.9,2,2896,42.61,4.25,us-101
2903,1118847844700,19.237,443.307,10.01,-0.26,16.5,4.9,2,2896,43.02,4.3,us-101
2903,1118847844800,19.258,444.305,10,0,16.5,4.9,2,2896,43.44,4.34,us-101
2903,1118847844900,19.279,445.306,9.98,-0.24,16.5,4.9,2,2896,43.86,4.4,us-101
2903,1118847845000,19.301,446.302,9.97,-0.12,16.5,4.9,2,2896,44.29,4.44,us-101
2903,1118847845100,19.323,447.285,10.09,1.96,16.5,4.9,2,2896,44.65,4.43,us-101
2903,1118847845200,19.344,448.277,10.52,6.21,16.5,4.9,2,2896,44.92,4.27,us-101
2903,1118847845300,19.325,449.329,11.35,10.78,16.5,4.9,2,2896,45.12,3.98,us-101
2903,1118847845400,19.329,450.521,12.5,11.2,16.5,4.9,2,2896,45.34,3.63,us-101
2903,1118847845500,19.379,451.828,13.64,10.79,16.5,4.9,2,2896,45.57,3.34,us-101
2903,1118847845600,19.45,453.276,14.48,6.21,16.5,4.9,2,2896,45.84,3.17,us-101
2903,1118847845700,19.483,454.783,14.91,1.96,16.5,4.9,2,2896,46.1,3.09,us-101
2903,1118847845800,19.515,456.3,15.03,-0.12,16.5,4.9,2,2896,46.26,3.08,us-101
2903,1118847845900,19.547,457.804,15.01,-0.25,16.5,4.9,2,2896,46.32,3.09,us-101
2903,1118847846000,19.579,459.302,15,0,16.5,4.9,2,2896,46.35,3.09,us-101
2903,1118847846100,19.612,460.801,15,0,16.5,4.9,2,2896,46.46,3.1,us-101
2903,1118847846200,19.644,462.301,15,0,16.5,4.9,2,2896,46.66,3.11,us-101
2903,1118847846300,19.676,463.801,15,0,16.5,4.9,2,2896,46.9,3.13,us-101
2903,1118847846400,19.707,465.3,14.99,0,16.5,4.9,2,2896,47.16,3.15,us-101
2903,1118847846500,19.74,466.799,15,0.02,16.5,4.9,2,2896,47.47,3.16,us-101
2903,1118847846600,19.772,468.299,15,0,16.5,4.9,2,2896,47.85,3.19,us-101
2903,1118847846700,19.804,469.799,15,0,16.5,4.9,2,2896,48.25,3.22,us-101
2903,1118847846800,19.836,471.299,15,0,16.5,4.9,2,2896,48.63,3.24,us-101
2903,1118847846900,19.868,472.798,15,0,16.5,4.9,2,2896,48.97,3.26,us-101
2903,1118847847000,19.9,474.298,15,0.03,16.5,4.9,2,2896,49.34,3.29,us-101
2903,1118847847100,19.933,475.8,14.98,-0.26,16.5,4.9,2,2896,49.78,3.32,us-101
2903,1118847847200,19.965,477.295,14.97,-0.06,16.5,4.9,2,2896,50.29,3.36,us-101
2903,1118847847300,19.991,478.777,15.12,2.32,16.5,4.9,2,2896,50.82,3.36,us-101
2903,1118847847400,20.043,480.272,15.59,6.78,16.5,4.9,2,2896,51.33,3.29,us-101
2903,1118847847500,20.036,481.835,16.47,11.18,16.5,4.9,2,2896,51.76,3.14,us-101
2903,1118847847600,19.989,483.544,17.65,11.2,16.5,4.9,2,2896,52.05,2.95,us-101
2903,1118847847700,19.915,485.366,18.86,11.2,16.5,4.9,2,2896,52.25,2.77,us-101
2903,1118847847800,19.794,487.349,19.63,5,16.5,4.9,2,2896,52.27,2.66,us-101
2903,1118847847900,19.583,489.377,19.82,-1.47,16.5,4.9,2,2896,52.19,2.63,us-101
2903,1118847848000,19.378,491.358,19.78,-1.72,16.5,4.9,2,2896,52.01,2.63,us-101
2903,1118847848100,19.173,493.305,19.82,2.45,16.5,4.9,2,2896,51.76,2.61,us-101
2903,1118847848200,18.998,495.282,20.05,4.24,16.5,4.9,2,2896,51.33,2.56,us-101
2903,1118847848300,18.822,497.346,20.12,-1.96,16.5,4.9,2,2896,50.76,2.52,us-101
2903,1118847848400,18.664,499.408,19.51,-10.69,16.5,4.9,2,2896,50.18,2.57,us-101
2903,1118847848500,18.567,501.29,18.25,-11.2,16.5,4.9,2,2896,49.79,2.73,us-101
2903,1118847848600,18.441,503.053,16.91,-11.2,16.5,4.9,2,2896,49.52,2.93,us-101
2903,1118847848700,18.289,504.641,16.12,-3.83,16.5,4.9,2,2896,49.42,3.07,us-101
2903,1118847848800,18.251,506.169,16.19,5.9,16.5,4.9,2,2896,49.41,3.05,us-101
2903,1118847848900,18.284,507.786,16.88,9.8,16.5,4.9,2,2896,49.37,2.93,us-101
2903,1118847849000,18.406,509.536,17.69,7.19,16.5,4.9,2,2896,49.28,2.79,us-101
2903,1118847849100,18.473,511.365,18.29,3.91,16.5,4.9,2,2896,49.18,2.69,us-101
2903,1118847849200,18.539,513.214,18.72,4.09,16.5,4.9,2,2896,49.08,2.62,us-101
2903,1118847849300,18.593,515.1,19.17,5.25,16.5,4.9,2,2896,48.92,2.55,us-101
2903,1118847849400,18.679,517.048,19.61,4.26,16.5,4.9,2,2896,48.64,2.48,us-101
2903,1118847849500,18.752,519.047,19.91,1.68,16.5,4.9,2,2896,48.29,2.43,us-101
2903,1118847849600,18.825,521.06,20.02,-0.1,16.5,4.9,2,2896,47.95,2.4,us-101
2903,1118847849700,18.897,523.063,20,-0.25,16.5,4.9,2,2896,47.66,2.38,us-101
2903,1118847849800,18.97,525.06,19.99,0,16.5,4.9,2,2896,47.39,2.37,us-101
2903,1118847849900,19.044,527.059,19.99,0,16.5,4.9,2,2896,47.13,2.36,us-101
2903,1118847850000,19.116,529.058,19.99,0,16.5,4.9,2,2896,46.9,2.35,us-101
2903,1118847850100,19.189,531.056,19.99,0,16.5,4.9,2,2896,46.73,2.34,us-101
2903,1118847850200,19.261,533.055,19.99,0,16.5,4.9,2,2896,46.64,2.33,us-101
2903,1118847850300,19.334,535.052,20,0.26,16.5,4.9,2,2896,46.62,2.33,us-101
2903,1118847850400,19.406,537.055,20.02,0.11,16.5,4.9,2,2896,46.62,2.33,us-101
2903,1118847850500,19.479,539.07,19.9,-1.99,16.5,4.9,2,2896,46.62,2.34,us-101
2903,1118847850600,19.553,541.077,19.46,-6.25,16.5,4.9,2,2896,46.61,2.4,us-101
2903,1118847850700,19.664,543.023,18.63,-10.79,16.5,4.9,2,2896,46.66,2.5,us-101
2903,1118847850800,19.751,544.835,17.57,-11.2,16.5,4.9,2,2896,46.85,2.67,us-101
2903,1118847850900,19.766,546.507,16.72,-6.53,16.5,4.9,2,2896,47.18,2.82,us-101
2903,1118847851000,19.807,548.109,16.34,-0.72,16.5,4.9,2,2896,47.58,2.91,us-101
2903,1118847851100,19.866,549.724,16.27,0.85,16.5,4.9,2,2896,47.96,2.95,us-101
2903,1118847851200,19.928,551.365,16.26,-0.99,16.5,4.9,2,2896,48.32,2.97,us-101
2903,1118847851300,19.987,552.991,16.2,-1.27,16.5,4.9,2,2896,48.69,3.01,us-101
2903,1118847851400,20.044,554.591,16.19,0.99,16.5,4.9,2,2896,49.09,3.03,us-101
2903,1118847851500,20.102,556.205,16.31,2.22,16.5,4.9,2,2896,49.48,3.03,us-101
2903,1118847851600,20.163,557.848,16.51,1.83,16.5,4.9,2,2896,49.83,3.02,us-101
2903,1118847851700,20.223,559.503,16.79,2.91,16.5,4.9,2,2896,50.18,2.99,us-101
2903,1118847851800,20.274,561.179,17.23,5.77,16.5,4.9,2,2896,50.5,2.93,us-101
2903,1118847851900,20.331,562.923,17.81,6.66,16.5,4.9,2,2896,50.76,2.85,us-101
2903,1118847852000,20.423,564.754,18.28,3.64,16.5,4.9,2,2896,50.93,2.79,us-101
2903,1118847852100,20.524,566.63,18.44,-0.72,16.5,4.9,2,2896,51.05,2.77,us-101
2903,1118847852200,20.571,568.486,18.3,-2.79,16.5,4.9,2,2896,51.2,2.8,us-101
2903,1118847852300,20.51,570.296,18.12,-1.46,16.5,4.9,2,2896,51.38,2.84,us-101
2903,1118847852400,20.407,572.082,18.1,1.26,16.5,4.9,2,2896,51.6,2.85,us-101
2903,1118847852500,20.347,573.889,18.27,2.57,16.5,4.9,2,2896,51.79,2.83,us-101
2903,1118847852600,20.394,575.732,18.48,1.93,16.5,4.9,2,2896,51.96,2.81,us-101
2903,1118847852700,20.493,577.595,18.64,1.1,16.5,4.9,2,2896,52.09,2.79,us-101
2903,1118847852800,20.572,579.464,18.79,1.53,16.5,4.9,2,2896,52.16,2.78,us-101
2903,1118847852900,20.643,581.342,19.01,2.9,16.5,4.9,2,2896,52.22,2.75,us-101
2903,1118847853000,20.674,583.252,19.33,3.66,16.5,4.9,2,2896,52.26,2.7,us-101
2903,1118847853100,20.685,585.207,19.65,3,16.5,4.9,2,2896,52.29,2.66,us-101
2903,1118847853200,20.655,587.195,19.88,1.64,16.5,4.9,2,2896,52.31,2.63,us-101
2903,1118847853300,20.618,589.2,19.99,0.42,16.5,4.9,2,2896,52.31,2.62,us-101
2903,1118847853400,20.588,591.205,20.01,-0.11,16.5,4.9,2,2896,52.3,2.61,us-101
2903,1118847853500,20.556,593.205,20,-0.06,16.5,4.9,2,2896,52.3,2.62,us-101
2903,1118847853600,20.526,595.205,20,0,16.5,4.9,2,2896,52.31,2.62,us-101
2903,1118847853700,20.495,597.205,20,0,16.5,4.9,2,2896,52.3,2.61,us-101
2903,1118847853800,20.465,599.205,20,0,16.5,4.9,2,2896,52.26,2.61,us-101
2903,1118847853900,20.433,601.205,20,0,16.5,4.9,2,2896,52.3,2.61,us-101
2903,1118847854000,20.402,603.204,20,0,16.5,4.9,2,2896,52.53,2.63,us-101
2903,1118847854100,20.372,605.204,20,0,16.5,4.9,2,2896,52.94,2.65,us-101
2903,1118847854200,20.341,607.204,20,0,16.5,4.9,2,2896,53.55,2.68,us-101
2903,1118847854300,20.309,609.204,20,0,16.5,4.9,2,2896,54.35,2.72,us-101
2903,1118847854400,20.278,611.203,20,0,16.5,4.9,2,2896,55.34,2.77,us-101
2903,1118847854500,20.248,613.203,20,0,16.5,4.9,2,2896,56.41,2.82,us-101
2903,1118847854600,20.217,615.203,20,0,16.5,4.9,2,2896,57.47,2.87,us-101
2903,1118847854700,20.185,617.203,20,0,16.5,4.9,2,2896,58.51,2.93,us-101
2903,1118847854800,20.155,619.202,20,0,16.5,4.9,2,2896,59.58,2.98,us-101
2903,1118847854900,20.124,621.202,20,0,16.5,4.9,2,2896,60.66,3.03,us-101
2903,1118847855000,20.093,623.202,20,0,16.5,4.9,2,2896,61.49,3.07,us-101
2903,1118847855100,20.062,625.202,20,0,16.5,4.9,2,2896,62.12,3.11,us-101
2903,1118847855200,20.031,627.212,19.9,-1.58,16.5,4.9,2,2896,62.45,3.14,us-101
2903,1118847855300,20,629.201,19.67,-2.96,16.5,4.9,2,2896,62.51,3.18,us-101
2903,1118847855400,19.969,631.146,19.51,-1.43,16.5,4.9,2,2896,62.4,3.2,us-101
2903,1118847855500,19.939,633.073,19.51,1.41,16.5,4.9,2,2896,62.01,3.18,us-101
2903,1118847855600,19.926,635.017,19.67,2.98,16.5,4.9,2,2896,61.72,3.14,us-101
2903,1118847855700,19.914,637.007,19.9,1.61,16.5,4.9,2,2896,61.52,3.09,us-101
2903,1118847855800,19.902,639.017,20,0,16.5,4.9,2,2896,61.46,3.07,us-101
2903,1118847855900,19.888,641.019,19.98,-0.27,16.5,4.9,2,2896,61.47,3.08,us-101
2903,1118847856000,19.876,643.015,19.97,-0.09,16.5,4.9,2,2896,61.49,3.08,us-101
2903,1118847856100,19.864,645.001,20.07,1.6,16.5,4.9,2,2896,61.5,3.06,us-101
2903,1118847856200,19.851,646.999,20.37,4.33,16.5,4.9,2,2896,61.5,3.02,us-101
2903,1118847856300,19.821,649.039,20.92,6.93,16.5,4.9,2,2896,61.47,2.94,us-101
2903,1118847856400,19.808,651.156,21.67,8.26,16.5,4.9,2,2896,61.35,2.83,us-101
2903,1118847856500,19.791,653.363,22.5,8.44,16.5,4.9,2,2896,61.12,2.72,us-101
2903,1118847856600,19.779,655.656,23.33,8.24,16.5,4.9,2,2896,60.82,2.61,us-101
2903,1118847856700,19.765,658.039,24.08,6.92,16.5,4.9,2,2896,60.49,2.51,us-101
2903,1118847856800,19.766,660.498,24.62,4.34,16.5,4.9,2,2896,60.23,2.45,us-101
2903,1118847856900,19.75,663,24.93,1.62,16.5,4.9,2,2896,60.03,2.41,us-101
2903,1118847857000,19.734,665.514,25.03,-0.06,16.5,4.9,2,2896,59.96,2.4,us-101
2903,1118847857100,19.718,668.018,25.02,-0.25,16.5,4.9,2,2896,59.97,2.4,us-101
2903,1118847857200,19.702,670.517,25,0,16.5,4.9,2,2896,59.98,2.4,us-101
2903,1118847857300,19.687,673.017,25,0,16.5,4.9,2,2896,59.99,2.4,us-101
2903,1118847857400,19.671,675.517,25,0,16.5,4.9,2,2896,59.99,2.4,us-101
2903,1118847857500,19.655,678.017,25,0,16.5,4.9,2,2896,59.99,2.4,us-101
2903,1118847857600,19.64,680.517,25,0,16.5,4.9,2,2896,59.99,2.4,us-101
2903,1118847857700,19.624,683.017,25,0,16.5,4.9,2,2896,59.99,2.4,us-101
2903,1118847857800,19.608,685.517,25,0,16.5,4.9,2,2896,59.99,2.4,us-101
2903,1118847857900,19.592,688.017,25,0,16.5,4.9,2,2896,59.99,2.4,us-101
2903,1118847858000,19.577,690.516,25,0,16.5,4.9,2,2896,59.99,2.4,us-101
2903,1118847858100,19.561,693.016,25,0,16.5,4.9,2,2896,59.99,2.4,us-101
2903,1118847858200,19.546,695.516,25,0,16.5,4.9,2,2896,59.99,2.4,us-101
2903,1118847858300,19.529,698.016,25,0,16.5,4.9,2,2896,59.99,2.4,us-101
2903,1118847858400,19.514,700.516,25,0,16.5,4.9,2,2896,59.98,2.4,us-101
2903,1118847858500,19.498,703.018,24.98,-0.26,16.5,4.9,2,2896,59.97,2.4,us-101
2903,1118847858600,19.483,705.513,24.97,-0.07,16.5,4.9,2,2896,59.97,2.4,us-101
2903,1118847858700,19.467,707.999,25.08,1.7,16.5,4.9,2,2896,60.04,2.39,us-101
2903,1118847858800,19.451,710.498,25.39,4.49,16.5,4.9,2,2896,60.17,2.37,us-101
2903,1118847858900,19.419,713.051,25.86,5.53,16.5,4.9,2,2896,60.29,2.33,us-101
2903,1118847859000,19.418,715.682,26.22,2.57,16.5,4.9,2,2896,60.28,2.3,us-101
2903,1118847859100,19.401,718.352,26.2,-2.83,16.5,4.9,2,2896,60.16,2.3,us-101
2903,1118847859200,19.401,720.978,25.83,-5.6,16.5,4.9,2,2896,60.03,2.32,us-101
2903,1118847859300,19.368,723.515,25.49,-2.43,16.5,4.9,2,2896,60.02,2.35,us-101
2903,1118847859400,19.353,726.007,25.61,4.57,16.5,4.9,2,2896,60.15,2.35,us-101
2903,1118847859500,19.296,728.547,26.34,10.75,16.5,4.9,2,2896,60.36,2.29,us-101
2903,1118847859600,19.256,731.237,27.48,11.2,16.5,4.9,2,2896,60.5,2.2,us-101
2903,1118847859700,19.261,734.044,28.63,10.7,16.5,4.9,2,2896,60.57,2.12,us-101
2903,1118847859800,19.284,736.989,29.46,6.28,16.5,4.9,2,2896,60.5,2.05,us-101
2903,1118847859900,19.265,739.996,29.9,2.06,16.5,4.9,2,2896,60.34,2.02,us-101
2903,1118847860000,19.246,743.012,30.03,-0.07,16.5,4.9,2,2896,60.17,2,us-101
2903,1118847860100,19.227,746.017,30.02,-0.25,16.5,4.9,2,2896,60.02,2,us-101
2903,1118847860200,19.208,749.015,30,0,16.5,4.9,2,2896,59.9,2,us-101
2903,1118847860300,19.189,752.015,30,0,16.5,4.9,2,2896,59.77,1.99,us-101
2903,1118847860400,19.17,755.015,30,0,16.5,4.9,2,2896,59.6,1.99,us-101
2903,1118847860500,19.151,758.015,30,0,16.5,4.9,2,2896,59.33,1.98,us-101
2903,1118847860600,19.132,761.015,30,0,16.5,4.9,2,2896,58.93,1.96,us-101
2903,1118847860700,19.113,764.015,30,0,16.5,4.9,2,2896,58.47,1.95,us-101
2903,1118847860800,19.095,767.015,30,0,16.5,4.9,2,2896,58.03,1.93,us-101
2903,1118847860900,19.076,770.015,30,0,16.5,4.9,2,2896,57.68,1.92,us-101
2903,1118847861000,19.057,773.014,30.01,0.16,16.5,4.9,2,2896,57.46,1.91,us-101
2903,1118847861100,19.038,776.016,30.02,0.13,16.5,4.9,2,2896,57.33,1.91,us-101
2903,1118847861200,19.019,779.019,30.03,0,16.5,4.9,2,2896,57.28,1.91,us-101
2903,1118847861300,18.999,782.015,30.1,1.12,16.5,4.9,2,2896,57.28,1.9,us-101
2903,1118847861400,18.979,785.013,30.38,3.93,16.5,4.9,2,2896,57.29,1.89,us-101
2903,1118847861500,18.935,788.047,30.93,7.33,16.5,4.9,2,2896,57.26,1.85,us-101
2903,1118847861600,18.89,791.165,31.71,8.93,16.5,4.9,2,2896,57.15,1.8,us-101
2903,1118847861700,18.868,794.391,32.5,7.23,16.5,4.9,2,2896,56.92,1.75,us-101
2903,1118847861800,18.851,797.7,33.02,3.61,16.5,4.9,2,2896,56.61,1.71,us-101
2903,1118847861900,18.798,801.042,33.25,0.5,16.5,4.9,2,2896,56.27,1.69,us-101
2903,1118847862000,18.717,804.377,33.29,-0.3,16.5,4.9,2,2896,55.94,1.68,us-101
2903,1118847862100,18.625,807.7,33.29,0.4,16.5,4.9,2,2896,55.62,1.67,us-101
2903,1118847862200,18.545,811.036,33.27,-0.39,16.5,4.9,2,2896,55.26,1.66,us-101
2903,1118847862300,18.493,814.382,33.03,-3.82,16.5,4.9,2,2896,54.87,1.66,us-101
2903,1118847862400,18.472,817.691,32.48,-7.56,16.5,4.9,2,2896,54.54,1.68,us-101
2903,1118847862500,18.436,820.906,31.74,-8.05,16.5,4.9,2,2896,54.5,1.72,us-101
2903,1118847862600,18.338,824.02,31.14,-4.64,16.5,4.9,2,2896,54.69,1.76,us-101
2903,1118847862700,18.301,827.084,30.85,-0.78,16.5,4.9,2,2896,55.08,1.79,us-101
2903,1118847862800,18.38,830.158,30.76,-0.08,16.5,4.9,2,2896,55.63,1.81,us-101
2903,1118847862900,18.436,833.245,30.64,-2.09,16.5,4.9,2,2896,56.22,1.83,us-101
2903,1118847863000,18.434,836.308,30.4,-3.35,16.5,4.9,2,2896,56.82,1.87,us-101
2903,1118847863100,18.354,839.326,30.14,-2.28,16.5,4.9,2,2896,57.45,1.91,us-101
2903,1118847863200,18.31,842.316,29.99,-0.44,16.5,4.9,2,2896,58.13,1.94,us-101
2903,1118847863300,18.341,845.306,29.97,0.34,16.5,4.9,2,2896,58.78,1.96,us-101
2903,1118847863400,18.348,848.306,29.99,0.13,16.5,4.9,2,2896,59.27,1.98,us-101
2903,1118847863500,18.355,851.307,30,-0.03,16.5,4.9,2,2896,59.63,1.99,us-101
2903,1118847863600,18.363,854.307,30,0,16.5,4.9,2,2896,59.85,2,us-101
2903,1118847863700,18.37,857.307,30,0,16.5,4.9,2,2896,59.91,2,us-101
2903,1118847863800,18.377,860.307,30,0,16.5,4.9,2,2896,59.97,2,us-101
2903,1118847863900,18.384,863.306,30,0.02,16.5,4.9,2,2896,60.13,2,us-101
2903,1118847864000,18.391,866.306,30,0,16.5,4.9,2,2896,60.39,2.01,us-101
2903,1118847864100,18.399,869.307,30,0,16.5,4.9,2,2896,60.66,2.02,us-101
2903,1118847864200,18.406,872.307,30,0,16.5,4.9,2,2896,60.89,2.03,us-101
2903,1118847864300,18.414,875.307,30,0,16.5,4.9,2,2896,61.12,2.04,us-101
2903,1118847864400,18.421,878.307,30,0,16.5,4.9,2,2896,61.43,2.05,us-101
2903,1118847864500,18.428,881.308,29.98,-0.26,16.5,4.9,2,2896,61.87,2.06,us-101
2903,1118847864600,18.436,884.304,29.97,-0.07,16.5,4.9,2,2896,62.38,2.08,us-101
2903,1118847864700,18.443,887.29,30.07,1.61,16.5,4.9,2,2896,62.91,2.09,us-101
2903,1118847864800,18.449,890.288,30.37,4.32,16.5,4.9,2,2896,63.42,2.09,us-101
2903,1118847864900,18.441,893.328,30.92,7.01,16.5,4.9,2,2896,63.87,2.07,us-101
2903,1118847865000,18.447,896.445,31.69,8.44,16.5,4.9,2,2896,64.26,2.03,us-101
2903,1118847865100,18.453,899.672,32.38,6.07,16.5,4.9,2,2896,64.53,1.99,us-101
2903,1118847865200,18.48,902.973,32.67,0.62,16.5,4.9,2,2896,64.73,1.98,us-101
2903,1118847865300,18.488,906.272,32.57,-3.59,16.5,4.9,2,2896,64.95,1.99,us-101
2903,1118847865400,18.517,909.511,32.33,-2.69,16.5,4.9,2,2896,65.26,2.02,us-101
2903,1118847865500,18.53,912.692,32.36,3.18,16.5,4.9,2,2896,65.64,2.03,us-101
2903,1118847865600,18.518,915.908,32.91,8.37,16.5,4.9,2,2896,65.99,2.01,us-101
2903,1118847865700,18.543,919.234,33.74,9.14,16.5,4.9,2,2896,66.22,1.96,us-101
2903,1118847865800,18.612,922.672,34.47,6.14,16.5,4.9,2,2896,66.33,1.92,us-101
2903,1118847865900,18.642,926.177,34.9,2.05,16.5,4.9,2,2896,66.44,1.9,us-101
2903,1118847866000,18.671,929.694,35.03,-0.08,16.5,4.9,2,2896,66.65,1.9,us-101
2903,1118847866100,18.7,933.198,35.02,-0.25,16.5,4.9,2,2896,67.01,1.91,us-101
2903,1118847866200,18.729,936.697,35,0,16.5,4.9,2,2896,67.47,1.93,us-101
2903,1118847866300,18.759,940.197,35,0,16.5,4.9,2,2896,67.97,1.94,us-101
2903,1118847866400,18.788,943.697,35,0,16.5,4.9,2,2896,68.48,1.96,us-101
2903,1118847866500,18.817,947.196,35,0,16.5,4.9,2,2896,68.99,1.97,us-101
2903,1118847866600,18.846,950.696,35,0,16.5,4.9,2,2896,69.5,1.99,us-101
2903,1118847866700,18.875,954.196,35,-0.03,16.5,4.9,2,2896,70.01,2,us-101
2903,1118847866800,18.904,957.695,35,0.13,16.5,4.9,2,2896,70.46,2.01,us-101
2903,1118847866900,18.933,961.194,35.04,0.47,16.5,4.9,2,2896,70.84,2.02,us-101
2903,1118847867000,18.985,964.698,35.09,0.73,16.5,4.9,2,2896,71.13,2.03,us-101
2903,1118847867100,18.982,968.208,35.18,1.09,16.5,4.9,2,2896,71.37,2.03,us-101
2903,1118847867200,18.891,971.729,35.32,1.49,16.5,4.9,2,2896,71.58,2.03,us-101
2903,1118847867300,18.727,975.268,35.46,1.57,16.5,4.9,2,2896,71.79,2.02,us-101
2903,1118847867400,18.529,978.825,35.59,1.11,16.5,4.9,2,2896,71.98,2.02,us-101
2903,1118847867500,18.397,982.396,35.65,0.09,16.5,4.9,2,2896,72.16,2.02,us-101
2903,1118847867600,18.292,985.964,35.65,-0.29,16.5,4.9,2,2896,72.34,2.03,us-101
2903,1118847867700,18.189,989.52,35.7,0.92,16.5,4.9,2,2896,72.54,2.03,us-101
2903,1118847867800,18.143,993.081,35.91,3.1,16.5,4.9,2,2896,72.73,2.03,us-101
2903,1118847867900,18.155,996.671,36.32,5.33,16.5,4.9,2,2896,72.88,2.01,us-101
2903,1118847868000,18.186,1000.33,36.82,5.19,16.5,4.9,2,2896,72.98,1.98,us-101
2903,1118847868100,18.217,1004.059,37.13,1.84,16.5,4.9,2,2896,73.03,1.97,us-101
2903,1118847868200,18.215,1007.805,37.14,-1.88,16.5,4.9,2,2896,73.03,1.97,us-101
2903,1118847868300,18.221,1011.52,36.96,-2.94,16.5,4.9,2,2896,72.97,1.97,us-101
2903,1118847868400,18.227,1015.185,36.82,-0.21,16.5,4.9,2,2896,72.83,1.98,us-101
2903,1118847868500,18.232,1018.844,36.93,2.89,16.5,4.9,2,2896,72.66,1.97,us-101
2903,1118847868600,18.238,1022.547,37.22,3.38,16.5,4.9,2,2896,72.52,1.95,us-101
2903,1118847868700,18.244,1026.297,37.45,1.5,16.5,4.9,2,2896,72.47,1.94,us-101
2903,1118847868800,18.249,1030.07,37.45,-1.51,16.5,4.9,2,2896,72.47,1.94,us-101
2903,1118847868900,18.255,1033.818,37.23,-3.12,16.5,4.9,2,2896,72.51,1.95,us-101
2903,1118847869000,18.261,1037.524,36.97,-2.64,16.5,4.9,2,2896,72.59,1.96,us-101
2903,1118847869100,18.267,1041.201,36.76,-1.46,16.5,4.9,2,2896,72.68,1.98,us-101
2903,1118847869200,18.272,1044.869,36.57,-1.68,16.5,4.9,2,2896,72.79,1.99,us-101
2903,1118847869300,18.278,1048.533,36.28,-4.01,16.5,4.9,2,2896,72.89,2.01,us-101
2903,1118847869400,18.299,1052.151,35.83,-5.45,16.5,4.9,2,2896,73.03,2.04,us-101
2903,1118847869500,18.288,1055.7,35.38,-4.23,16.5,4.9,2,2896,73.27,2.07,us-101
2903,1118847869600,18.294,1059.199,35.09,-1.48,16.5,4.9,2,2896,73.61,2.1,us-101
2903,1118847869700,18.299,1062.688,35,0.15,16.5,4.9,2,2896,74.04,2.12,us-101
2903,1118847869800,18.304,1066.197,34.91,-1.32,16.5,4.9,2,2896,74.49,2.13,us-101
2903,1118847869900,18.331,1069.695,34.68,-3.5,16.5,4.9,2,2896,74.98,2.16,us-101
2903,1118847870000,18.311,1073.139,34.44,-2.34,16.5,4.9,2,2896,75.54,2.19,us-101
2903,1118847870100,18.206,1076.539,34.51,2.97,16.5,4.9,2,2896,76.14,2.21,us-101
2903,1118847870200,18.096,1079.965,35.06,8.8,16.5,4.9,2,2896,76.72,2.19,us-101
2903,1118847870300,18.083,1083.504,35.95,10.04,16.5,4.9,2,2896,77.19,2.15,us-101
2903,1118847870400,18.132,1087.17,36.74,6.44,16.5,4.9,2,2896,77.55,2.11,us-101
2903,1118847870500,18.255,1090.906,37.19,2.09,16.5,4.9,2,2896,77.83,2.09,us-101
2903,1118847870600,18.352,1094.653,37.31,-0.18,16.5,4.9,2,2896,78.09,2.09,us-101
2903,1118847870700,18.449,1098.385,37.29,-0.33,16.5,4.9,2,2896,78.35,2.1,us-101
2903,1118847870800,18.545,1102.111,37.26,-0.11,16.5,4.9,2,2896,78.63,2.11,us-101
2903,1118847870900,18.642,1105.836,37.26,0,16.5,4.9,2,2896,78.9,2.12,us-101
2903,1118847871000,18.738,1109.557,37.32,0.87,16.5,4.9,2,2896,79.18,2.12,us-101
2903,1118847871100,18.819,1113.289,37.43,1.46,16.5,4.9,2,2896,79.45,2.12,us-101
2903,1118847871200,18.936,1117.048,37.46,-0.08,16.5,4.9,2,2896,79.69,2.13,us-101
2903,1118847871300,19.115,1120.82,37.23,-4.1,16.5,4.9,2,2896,79.92,2.15,us-101
2903,1118847871400,19.291,1124.548,36.66,-7.82,16.5,4.9,2,2896,80.19,2.19,us-101
2903,1118847871500,19.406,1128.177,35.93,-7.81,16.5,4.9,2,2896,80.56,2.24,us-101
2903,1118847871600,19.427,1131.711,35.33,-4.54,16.5,4.9,2,2896,81.01,2.29,us-101
2903,1118847871700,19.411,1135.197,35.02,-1.14,16.5,4.9,2,2896,81.52,2.33,us-101
2903,1118847871800,19.416,1138.682,34.96,0.32,16.5,4.9,2,2896,82.08,2.35,us-101
2903,1118847871900,19.422,1142.18,34.99,0.23,16.5,4.9,2,2896,82.7,2.36,us-101
2903,1118847872000,19.427,1145.682,35,0,16.5,4.9,2,2896,83.41,2.38,us-101
2903,1118847872100,19.432,1149.182,35,0,16.5,4.9,2,2896,84.23,2.41,us-101
2903,1118847872200,19.438,1152.679,35.03,0.48,16.5,4.9,2,2896,85.15,2.43,us-101
2903,1118847872300,19.443,1156.182,35.1,0.91,16.5,4.9,2,2896,86.19,2.46,us-101
2903,1118847872400,19.448,1159.699,35.15,0.44,16.5,4.9,2,2896,87.29,2.48,us-101
2903,1118847872500,19.451,1163.221,35.15,-0.44,16.5,4.9,2,2896,88.43,2.52,us-101
2903,1118847872600,19.447,1166.74,35.08,-1.16,16.5,4.9,2,2896,89.55,2.55,us-101
2903,1118847872700,19.442,1170.239,35,-0.56,16.5,4.9,2,2896,90.65,2.59,us-101
2903,1118847872800,19.437,1173.721,35.08,1.68,16.5,4.9,2,2896,91.71,2.61,us-101
2903,1118847872900,19.432,1177.221,35.37,4.22,16.5,4.9,2,2896,92.72,2.62,us-101
2903,1118847873000,19.411,1180.772,35.81,5.21,16.5,4.9,2,2896,93.66,2.62,us-101
2903,1118847873100,19.423,1184.384,36.27,4.19,16.5,4.9,2,2896,94.54,2.61,us-101
2903,1118847873200,19.417,1188.038,36.67,3.35,16.5,4.9,2,2896,95.39,2.6,us-101
2903,1118847873300,19.413,1191.717,37.06,4.18,16.5,4.9,2,2896,96.21,2.6,us-101
2903,1118847873400,19.394,1195.438,37.5,5.01,16.5,4.9,2,2896,96.99,2.59,us-101
2903,1118847873500,19.403,1199.218,37.94,4.17,16.5,4.9,2,2896,97.71,2.58,us-101
2903,1118847873600,19.397,1203.038,38.33,3.34,16.5,4.9,2,2896,98.39,2.57,us-101
2903,1118847873700,19.392,1206.884,38.73,4.19,16.5,4.9,2,2896,99.02,2.56,us-101
2903,1118847873800,19.371,1210.772,39.19,5.2,16.5,4.9,2,2896,99.61,2.54,us-101
2903,1118847873900,19.381,1214.722,39.62,4.21,16.5,4.9,2,2896,100.14,2.53,us-101
2903,1118847874000,19.376,1218.722,39.91,1.55,16.5,4.9,2,2896,100.63,2.52,us-101
2903,1118847874100,19.371,1222.733,40.02,0.07,16.5,4.9,2,2896,101.13,2.53,us-101
2903,1118847874200,19.366,1226.729,40.1,1.15,16.5,4.9,2,2896,101.63,2.53,us-101
2903,1118847874300,19.38,1230.731,40.33,3.33,16.5,4.9,2,2896,102.13,2.53,us-101
2903,1118847874400,19.32,1234.765,40.76,5.51,16.5,4.9,2,2896,102.6,2.52,us-101
2903,1118847874500,19.209,1238.859,41.38,6.88,16.5,4.9,2,2896,103,2.49,us-101
2903,1118847874600,19.082,1243.035,42.02,6.36,16.5,4.9,2,2896,103.33,2.46,us-101
2903,1118847874700,18.927,1247.284,42.5,3.8,16.5,4.9,2,2896,103.58,2.44,us-101
2903,1118847874800,18.803,1251.578,42.7,0.09,16.5,4.9,2,2896,103.78,2.43,us-101
2903,1118847874900,18.746,1255.862,42.64,-1.78,16.5,4.9,2,2896,104,2.44,us-101
2903,1118847875000,18.732,1260.108,42.58,-0.21,16.5,4.9,2,2896,104.25,2.45,us-101
2903,1118847875100,18.765,1264.342,42.75,3.45,16.5,4.9,2,2896,104.52,2.44,us-101
2903,1118847875200,18.782,1268.609,43.25,6.92,16.5,4.9,2,2896,104.75,2.42,us-101
2903,1118847875300,18.794,1272.964,43.94,7.5,16.5,4.9,2,2896,104.9,2.39,us-101
2903,1118847875400,18.818,1277.41,44.54,5.07,16.5,4.9,2,2896,104.95,2.36,us-101
2903,1118847875500,18.818,1281.91,44.9,1.96,16.5,4.9,2,2896,104.93,2.34,us-101
2903,1118847875600,18.817,1286.425,45.02,0,16.5,4.9,2,2896,104.91,2.33,us-101
2903,1118847875700,18.817,1290.93,45.02,-0.26,16.5,4.9,2,2896,104.96,2.33,us-101
2903,1118847875800,18.816,1295.432,44.96,-0.56,16.5,4.9,2,2896,105.13,2.34,us-101
2903,1118847875900,18.815,1299.928,44.88,-1.06,16.5,4.9,2,2896,105.42,2.35,us-101
2903,1118847876000,18.814,1304.408,44.83,-0.51,16.5,4.9,2,2896,105.77,2.36,us-101
2903,1118847876100,18.816,1308.883,44.83,0.51,16.5,4.9,2,2896,106.09,2.37,us-101
2903,1118847876200,18.831,1313.363,44.88,1.06,16.5,4.9,2,2896,106.42,2.37,us-101
2903,1118847876300,18.846,1317.859,44.96,0.56,16.5,4.9,2,2896,106.75,2.37,us-101
2903,1118847876400,18.861,1322.363,45,0,16.5,4.9,2,2896,107.1,2.38,us-101
2903,1118847876500,18.876,1326.863,45,0,16.5,4.9,2,2896,107.39,2.39,us-101
2903,1118847876600,18.891,1331.365,44.98,-0.26,16.5,4.9,2,2896,107.6,2.39,us-101
2903,1118847876700,18.905,1335.86,44.97,-0.08,16.5,4.9,2,2896,107.82,2.4,us-101
2903,1118847876800,18.922,1340.346,45.08,1.69,16.5,4.9,2,2896,108.15,2.4,us-101
2903,1118847876900,18.937,1344.846,45.37,4.23,16.5,4.9,2,2896,108.59,2.39,us-101
2903,1118847877000,18.935,1349.395,45.83,5.47,16.5,4.9,2,2896,109.05,2.38,us-101
2903,1118847877100,18.967,1354.013,46.28,4.02,16.5,4.9,2,2896,109.45,2.37,us-101
2903,1118847877200,18.982,1358.677,46.57,1.61,16.5,4.9,2,2896,109.8,2.36,us-101
2903,1118847877300,18.998,1363.343,46.76,1.56,16.5,4.9,2,2896,110.13,2.36,us-101
2903,1118847877400,19.014,1368.012,47.06,4.07,16.5,4.9,2,2896,110.45,2.35,us-101
2903,1118847877500,19.01,1372.719,47.6,6.92,16.5,4.9,2,2896,110.75,2.33,us-101
2903,1118847877600,19.028,1377.503,48.33,8.17,16.5,4.9,2,2896,110.96,2.3,us-101
2903,1118847877700,19.045,1382.384,49.07,7,16.5,4.9,2,2896,111.08,2.26,us-101
2903,1118847877800,19.077,1387.344,49.62,4.32,16.5,4.9,2,2896,111.12,2.24,us-101
2903,1118847877900,19.094,1392.346,49.93,1.61,16.5,4.9,2,2896,111.12,2.23,us-101
2903,1118847878000,19.11,1397.359,50.03,-0.05,16.5,4.9,2,2896,111.11,2.22,us-101
2903,1118847878100,19.127,1402.364,50.02,-0.24,16.5,4.9,2,2896,111.1,2.22,us-101
2903,1118847878200,19.143,1407.362,50,0,16.5,4.9,2,2896,111.1,2.22,us-101
2903,1118847878300,19.16,1412.355,50.07,1.11,16.5,4.9,2,2896,111.12,2.22,us-101
2903,1118847878400,19.177,1417.365,50.21,1.7,16.5,4.9,2,2896,111.11,2.21,us-101
2903,1118847878500,19.193,1422.41,50.19,-0.89,16.5,4.9,2,2896,111.07,2.21,us-101
2903,1118847878600,19.187,1427.451,49.88,-5.25,16.5,4.9,2,2896,111.01,2.23,us-101
2903,1118847878700,19.194,1432.429,49.33,-7.18,16.5,4.9,2,2896,110.98,2.25,us-101
2903,1118847878800,19.168,1437.304,48.84,-3.47,16.5,4.9,2,2896,111.06,2.27,us-101
2903,1118847878900,19.159,1442.128,48.8,2.78,16.5,4.9,2,2896,111.26,2.28,us-101
2903,1118847879000,19.132,1447.002,49.16,5.5,16.5,4.9,2,2896,111.51,2.27,us-101
2903,1118847879100,19.139,1451.961,49.51,2.73,16.5,4.9,2,2896,111.76,2.26,us-101
2903,1118847879200,19.151,1456.947,49.65,-0.6,16.5,4.9,2,2896,112,2.26,us-101
2903,1118847879300,19.109,1461.901,49.77,1.28,16.5,4.9,2,2896,112.26,2.26,us-101
2903,1118847879400,18.985,1466.845,50.23,7.65,16.5,4.9,2,2896,112.51,2.24,us-101
2903,1118847879500,18.938,1471.889,51.23,11.2,16.5,4.9,2,2896,112.61,2.2,us-101
2903,1118847879600,18.975,1477.078,52.54,11.2,16.5,4.9,2,2896,112.48,2.14,us-101
2903,1118847879700,19.086,1482.401,53.64,9.13,16.5,4.9,2,2896,112.17,2.09,us-101
2903,1118847879800,19.308,1487.846,54.29,3.78,16.5,4.9,2,2896,111.72,2.06,us-101
2903,1118847879900,19.498,1493.321,54.53,0.15,16.5,4.9,2,2896,111.23,2.04,us-101
2903,1118847880000,19.686,1498.779,54.55,-0.2,16.5,4.9,2,2896,110.77,2.03,us-101
2903,1118847880100,19.876,1504.231,54.53,0.03,16.5,4.9,2,2896,110.32,2.02,us-101
2903,1118847880200,20.065,1509.697,54.4,-2,16.5,4.9,2,2896,109.86,2.02,us-101
2903,1118847880300,20.247,1515.152,54,-5.81,16.5,4.9,2,2896,109.4,2.03,us-101
2903,1118847880400,20.499,1520.552,53.21,-10.1,16.5,4.9,2,2896,109,2.05,us-101
2903,1118847880500,20.718,1525.827,52.13,-11.2,16.5,4.9,2,2896,108.73,2.09,us-101
2903,1118847880600,20.872,1530.977,51.08,-9.86,16.5,4.9,2,2896,108.56,2.13,us-101
2903,1118847880700,20.986,1536.015,50.26,-6.55,16.5,4.9,2,2896,108.54,2.16,us-101
2903,1118847880800,20.996,1540.987,49.7,-3.85,16.5,4.9,2,2896,108.66,2.19,us-101
2903,1118847880900,20.95,1545.922,49.46,-1.51,16.5,4.9,2,2896,108.86,2.2,us-101
2903,1118847881000,20.906,1550.85,49.4,0.31,16.5,4.9,2,2896,109.03,2.21,us-101
2903,1118847881100,20.873,1555.781,49.46,1.54,16.5,4.9,2,2896,109.11,2.21,us-101
2903,1118847881200,20.885,1560.736,49.59,1.07,16.5,4.9,2,2896,109.14,2.2,us-101
2903,1118847881300,20.973,1565.711,49.63,-0.28,16.5,4.9,2,2896,109.16,2.2,us-101
2903,1118847881400,21.074,1570.676,49.57,-0.88,16.5,4.9,2,2896,109.2,2.2,us-101
2903,1118847881500,21.212,1575.616,49.61,1.01,16.5,4.9,2,2896,109.26,2.2,us-101
2903,1118847881600,21.35,1580.545,50.07,7.09,16.5,4.9,2,2896,109.32,2.18,us-101
2903,1118847881700,21.294,1585.579,51.16,11.2,16.5,4.9,2,2896,109.27,2.14,us-101
2903,1118847881800,21.259,1590.793,52.89,11.2,16.5,4.9,2,2896,109.06,2.06,us-101
2903,1118847881900,21.239,1596.181,54.88,11.2,16.5,4.9,2,2896,108.71,1.98,us-101
2903,1118847882000,21.22,1601.738,56.54,11.2,16.5,4.9,2,2896,108.29,1.92,us-101
2903,1118847882100,21.26,1607.479,57.57,6.38,16.5,4.9,2,2896,107.74,1.87,us-101
2903,1118847882200,21.264,1613.308,57.99,0.85,16.5,4.9,2,2896,107.08,1.85,us-101
2903,1118847882300,21.268,1619.122,58.04,-0.31,16.5,4.9,2,2896,106.5,1.83,us-101
2903,1118847882400,21.271,1624.923,58,-0.18,16.5,4.9,2,2896,106.05,1.83,us-101
2903,1118847882500,21.275,1630.732,57.89,-1.66,16.5,4.9,2,2896,105.72,1.83,us-101
2903,1118847882600,21.261,1636.507,57.8,-0.88,16.5,4.9,2,2896,105.48,1.82,us-101
2903,1118847882700,21.329,1642.287,57.72,-0.83,16.5,4.9,2,2896,105.2,1.82,us-101
2903,1118847882800,21.437,1648.08,57.32,-5.17,16.5,4.9,2,2896,104.91,1.83,us-101
2903,1118847882900,21.512,1653.81,56.63,-9.36,16.5,4.9,2,2896,104.68,1.85,us-101
2903,1118847883000,21.536,1659.433,55.83,-9.16,16.5,4.9,2,2896,104.55,1.87,us-101
2903,1118847883100,21.472,1664.934,55.16,-3.53,16.5,4.9,2,2896,104.55,1.9,us-101
2903,1118847883200,21.365,1670.4,54.96,0.47,16.5,4.9,2,2896,104.59,1.9,us-101
2903,1118847883300,21.281,1675.901,54.99,0.12,16.5,4.9,2,2896,104.59,1.9,us-101
2903,1118847883400,21.195,1681.402,55,-0.04,16.5,4.9,2,2896,104.58,1.9,us-101
2903,1118847883500,21.11,1686.901,54.99,0,16.5,4.9,2,2896,104.59,1.9,us-101
2903,1118847883600,21.024,1692.4,54.99,0,16.5,4.9,2,2896,104.63,1.9,us-101
2903,1118847883700,20.94,1697.899,54.99,0,16.5,4.9,2,2896,104.68,1.9,us-101
2903,1118847883800,20.854,1703.398,54.99,0,16.5,4.9,2,2896,104.72,1.9,us-101
2903,1118847883900,20.769,1708.922,54.77,-3.61,16.5,4.9,2,2896,104.7,1.91,us-101
2903,1118847884000,20.684,1714.398,54.25,-6.76,16.5,4.9,2,2896,104.72,1.93,us-101
2903,1118847884100,20.599,1719.771,53.88,-3.22,16.5,4.9,2,2896,104.84,1.95,us-101
2903,1118847884200,20.535,1725.105,53.89,3.27,16.5,4.9,2,2896,105.01,1.95,us-101
2903,1118847884300,20.561,1730.479,54.26,6.78,16.5,4.9,2,2896,105.14,1.94,us-101
2903,1118847884400,20.587,1735.957,54.76,3.37,16.5,4.9,2,2896,105.16,1.92,us-101
2903,1118847884500,20.613,1741.478,54.97,-0.08,16.5,4.9,2,2896,105.13,1.91,us-101
2903,1118847884600,20.64,1746.961,55.1,2.04,16.5,4.9,2,2896,105.13,1.91,us-101
2903,1118847884700,20.666,1752.454,55.54,6.26,16.5,4.9,2,2896,105.13,1.89,us-101
2903,1118847884800,20.651,1758.009,56.36,10.69,16.5,4.9,2,2896,105.19,1.87,us-101
2903,1118847884900,20.655,1763.701,57.5,11.2,16.5,4.9,2,2896,105.27,1.83,us-101
2903,1118847885000,20.705,1769.509,58.63,10.7,16.5,4.9,2,2896,105.36,1.8,us-101
2903,1118847885100,20.774,1775.454,59.46,6.28,16.5,4.9,2,2896,105.52,1.77,us-101
2903,1118847885200,20.803,1781.452,59.98,3.27,16.5,4.9,2,2896,105.59,1.76,us-101
2903,1118847885300,20.831,1787.477,60.28,2.18,16.5,4.9,2,2896,105.45,1.75,us-101
2903,1118847885400,20.86,1793.524,60.39,0.82,16.5,4.9,2,2896,105.15,1.74,us-101
2903,1118847885500,20.883,1799.577,60.37,-1.08,16.5,4.9,2,2896,104.7,1.73,us-101
2903,1118847885600,20.871,1805.619,60.25,-2.26,16.5,4.9,2,2896,104.11,1.73,us-101
2903,1118847885700,20.859,1811.627,60.07,-1.21,16.5,4.9,2,2896,103.47,1.72,us-101
2903,1118847885800,20.848,1817.619,60,0,16.5,4.9,2,2896,102.86,1.71,us-101
2903,1118847885900,20.836,1823.619,60,0,16.5,4.9,2,2896,102.27,1.7,us-101
2903,1118847886000,20.824,1829.62,59.99,-0.1,16.5,4.9,2,2896,101.68,1.69,us-101
2903,1118847886100,20.812,1835.62,59.97,-0.33,16.5,4.9,2,2896,101.09,1.69,us-101
2903,1118847886200,20.771,1841.612,59.97,0.22,16.5,4.9,2,2896,100.5,1.68,us-101
2903,1118847886300,20.798,1847.596,60.13,2.44,16.5,4.9,2,2896,99.92,1.66,us-101
2903,1118847886400,20.934,1853.599,60.55,5.91,16.5,4.9,2,2896,99.33,1.64,us-101
2903,1118847886500,21.046,1859.656,61.33,9.8,16.5,4.9,2,2896,98.7,1.61,us-101
2903,1118847886600,21.128,1865.835,62.43,11.2,16.5,4.9,2,2896,98,1.57,us-101
2903,1118847886700,21.269,1872.151,63.4,8.59,16.5,4.9,2,2896,97.13,1.53,us-101
2903,1118847886800,21.392,1878.588,63.76,-0.26,16.5,4.9,2,2896,96.05,1.51,us-101
2903,1118847886900,21.719,1885.013,63.47,-7.4,16.5,4.9,2,2896,94.96,1.5,us-101
2903,1118847887000,22.003,1891.352,62.61,-10.68,16.5,4.9,2,2896,94,1.5,us-101
2903,1118847887100,22.24,1897.56,61.46,-11.2,16.5,4.9,2,2896,93.26,1.52,us-101
2903,1118847887200,22.408,1903.649,60.38,-11.2,16.5,4.9,2,2896,92.7,1.54,us-101
2903,1118847887300,22.465,1909.622,59.4,-9.19,16.5,4.9,2,2896,92.23,1.55,us-101
2903,1118847887400,22.546,1915.492,58.61,-5.83,16.5,4.9,2,2896,91.86,1.57,us-101
2903,1118847887500,22.742,1921.316,58.02,-5.29,16.5,4.9,2,2896,91.53,1.58,us-101
2903,1118847887600,22.852,1927.082,57.61,-3.76,16.5,4.9,2,2896,91.27,1.58,us-101
2903,1118847887700,22.854,1932.791,57.56,1.75,16.5,4.9,2,2896,91.05,1.58,us-101
2903,1118847887800,22.872,1938.523,57.93,6.61,16.5,4.9,2,2896,90.82,1.57,us-101
2903,1118847887900,22.977,1944.353,58.43,5.2,16.5,4.9,2,2896,90.49,1.55,us-101
2903,1118847888000,23.129,1950.253,58.72,0.33,16.5,4.9,2,2896,90.09,1.53,us-101
2903,1118847888100,23.154,1956.14,58.76,-1.06,16.5,4.9,2,2896,89.72,1.53,us-101
2903,1118847888200,23.094,1962.026,58.52,-2.87,16.5,4.9,2,2896,89.32,1.53,us-101
2903,1118847888300,23.108,1967.876,58.02,-5.88,16.5,4.9,2,2896,88.9,1.53,us-101
2903,1118847888400,23.226,1973.643,57.64,-4.46,16.5,4.9,2,2896,88.54,1.54,us-101
2903,1118847888500,23.31,1979.351,57.57,1.94,16.5,4.9,2,2896,88.26,1.53,us-101
2903,1118847888600,23.333,1985.066,57.99,8.76,16.5,4.9,2,2896,88.03,1.52,us-101
2903,1118847888700,23.276,1990.905,58.82,8.53,16.5,4.9,2,2896,87.7,1.49,us-101
2903,1118847888800,23.206,1996.856,59.52,5.06,16.5,4.9,2,2896,87.25,1.47,us-101
2903,1118847888900,23.331,2002.857,59.82,1.44,16.5,4.9,2,2896,86.75,1.45,us-101
2903,1118847889000,23.612,2008.879,59.69,-3.73,16.5,4.9,2,2896,86.23,1.44,us-101
